INFO  [alembic.runtime.migration] Context impl PostgresqlImpl.
INFO  [alembic.runtime.migration] Generating static SQL
INFO  [alembic.runtime.migration] Will assume transactional DDL.
BEGIN;

CREATE TABLE alembic_version (
    version_num VARCHAR(32) NOT NULL, 
    CONSTRAINT alembic_version_pkc PRIMARY KEY (version_num)
);

INFO  [alembic.runtime.migration] Running upgrade  -> 0001_tenant, Tenant Plane físico e relacional do PIGE360.
-- Running upgrade  -> 0001_tenant

CREATE TABLE IF NOT EXISTS tenant_metadata (
    key TEXT PRIMARY KEY,
    value TEXT NOT NULL
);

CREATE TABLE IF NOT EXISTS users (
    id TEXT PRIMARY KEY,
    tenant_id TEXT NOT NULL,
    person_id TEXT,
    email TEXT NOT NULL,
    password_hash TEXT NOT NULL,
    roles_json TEXT NOT NULL,
    active INTEGER NOT NULL DEFAULT 1,
    created_at TEXT NOT NULL,
    updated_at TEXT NOT NULL,
    UNIQUE(tenant_id, email)
);

CREATE TABLE IF NOT EXISTS refresh_tokens (
    jti TEXT PRIMARY KEY,
    user_id TEXT NOT NULL,
    tenant_id TEXT NOT NULL,
    token_hash TEXT NOT NULL UNIQUE,
    expires_at TEXT NOT NULL,
    revoked_at TEXT,
    replaced_by TEXT,
    created_at TEXT NOT NULL
);

CREATE TABLE IF NOT EXISTS idempotency_keys (
    scope TEXT NOT NULL,
    idempotency_key TEXT NOT NULL,
    request_hash TEXT NOT NULL,
    response_json TEXT NOT NULL,
    status_code INTEGER NOT NULL,
    created_at TEXT NOT NULL,
    PRIMARY KEY(scope, idempotency_key)
);

CREATE TABLE IF NOT EXISTS audit_log (
    id TEXT PRIMARY KEY,
    tenant_id TEXT NOT NULL,
    actor_id TEXT,
    action TEXT NOT NULL,
    aggregate_type TEXT NOT NULL,
    aggregate_id TEXT,
    before_json TEXT,
    after_json TEXT,
    reason TEXT,
    correlation_id TEXT NOT NULL,
    created_at TEXT NOT NULL
);

CREATE TABLE IF NOT EXISTS outbox_events (
    id TEXT PRIMARY KEY,
    tenant_id TEXT NOT NULL,
    event_type TEXT NOT NULL,
    event_version INTEGER NOT NULL DEFAULT 1,
    aggregate_type TEXT NOT NULL,
    aggregate_id TEXT NOT NULL,
    payload_json TEXT NOT NULL,
    correlation_id TEXT NOT NULL,
    created_at TEXT NOT NULL,
    published_at TEXT,
    attempts INTEGER NOT NULL DEFAULT 0
);

CREATE TABLE IF NOT EXISTS brand_kits (
    id TEXT PRIMARY KEY,
    tenant_id TEXT NOT NULL,
    state TEXT NOT NULL,
    active_version INTEGER,
    payload_json TEXT NOT NULL,
    created_at TEXT NOT NULL,
    updated_at TEXT NOT NULL,
    UNIQUE(tenant_id)
);
CREATE TABLE IF NOT EXISTS brand_versions (
    id TEXT PRIMARY KEY,
    tenant_id TEXT NOT NULL,
    brand_kit_id TEXT NOT NULL REFERENCES brand_kits(id),
    version INTEGER NOT NULL,
    state TEXT NOT NULL,
    payload_json TEXT NOT NULL,
    sha256 TEXT NOT NULL,
    created_by TEXT,
    created_at TEXT NOT NULL,
    UNIQUE(brand_kit_id, version)
);
CREATE TABLE IF NOT EXISTS brand_assets (
    id TEXT PRIMARY KEY,
    tenant_id TEXT NOT NULL,
    brand_kit_id TEXT NOT NULL REFERENCES brand_kits(id),
    category TEXT NOT NULL,
    original_filename TEXT NOT NULL,
    storage_key TEXT NOT NULL,
    mime_type TEXT NOT NULL,
    bytes INTEGER NOT NULL,
    width INTEGER,
    height INTEGER,
    sha256 TEXT NOT NULL,
    created_at TEXT NOT NULL,
    UNIQUE(tenant_id, sha256, category)
);

CREATE TABLE IF NOT EXISTS tenant_app_manifests (
    id TEXT PRIMARY KEY,
    tenant_id TEXT NOT NULL,
    version INTEGER NOT NULL,
    state TEXT NOT NULL,
    payload_json TEXT NOT NULL,
    sha256 TEXT NOT NULL,
    created_by TEXT,
    created_at TEXT NOT NULL,
    UNIQUE(tenant_id, version)
);
CREATE TABLE IF NOT EXISTS app_build_requests (
    id TEXT PRIMARY KEY,
    tenant_id TEXT NOT NULL,
    manifest_id TEXT NOT NULL REFERENCES tenant_app_manifests(id),
    status TEXT NOT NULL,
    requested_platforms_json TEXT NOT NULL,
    result_json TEXT,
    idempotency_key TEXT NOT NULL,
    created_by TEXT,
    created_at TEXT NOT NULL,
    started_at TEXT,
    finished_at TEXT,
    UNIQUE(tenant_id, idempotency_key)
);

CREATE TABLE IF NOT EXISTS teaching_plans (
    id TEXT PRIMARY KEY,
    tenant_id TEXT NOT NULL,
    institution_id TEXT NOT NULL,
    unit_id TEXT NOT NULL,
    academic_period_id TEXT NOT NULL,
    program_id TEXT,
    curriculum_id TEXT NOT NULL,
    class_group_id TEXT NOT NULL,
    component_id TEXT NOT NULL,
    title TEXT NOT NULL,
    plan_type TEXT NOT NULL,
    start_date TEXT NOT NULL,
    end_date TEXT NOT NULL,
    status TEXT NOT NULL,
    current_version INTEGER NOT NULL,
    approval_required INTEGER NOT NULL DEFAULT 1,
    payload_json TEXT NOT NULL,
    created_by TEXT NOT NULL,
    updated_by TEXT NOT NULL,
    created_at TEXT NOT NULL,
    updated_at TEXT NOT NULL
);
CREATE TABLE IF NOT EXISTS teaching_plan_versions (
    id TEXT PRIMARY KEY,
    tenant_id TEXT NOT NULL,
    teaching_plan_id TEXT NOT NULL REFERENCES teaching_plans(id),
    version INTEGER NOT NULL,
    status TEXT NOT NULL,
    snapshot_json TEXT NOT NULL,
    change_reason TEXT,
    created_by TEXT NOT NULL,
    created_at TEXT NOT NULL,
    UNIQUE(teaching_plan_id, version)
);
CREATE TABLE IF NOT EXISTS teaching_plan_approvals (
    id TEXT PRIMARY KEY,
    tenant_id TEXT NOT NULL,
    teaching_plan_id TEXT NOT NULL REFERENCES teaching_plans(id),
    version INTEGER NOT NULL,
    decision TEXT NOT NULL,
    comments TEXT,
    actor_id TEXT NOT NULL,
    created_at TEXT NOT NULL
);
CREATE TABLE IF NOT EXISTS lesson_plans (
    id TEXT PRIMARY KEY,
    tenant_id TEXT NOT NULL,
    teaching_plan_id TEXT REFERENCES teaching_plans(id),
    class_group_id TEXT NOT NULL,
    component_id TEXT NOT NULL,
    scheduled_start TEXT NOT NULL,
    scheduled_end TEXT NOT NULL,
    status TEXT NOT NULL,
    current_version INTEGER NOT NULL,
    payload_json TEXT NOT NULL,
    created_by TEXT NOT NULL,
    updated_by TEXT NOT NULL,
    created_at TEXT NOT NULL,
    updated_at TEXT NOT NULL
);
CREATE TABLE IF NOT EXISTS lesson_plan_versions (
    id TEXT PRIMARY KEY,
    tenant_id TEXT NOT NULL,
    lesson_plan_id TEXT NOT NULL REFERENCES lesson_plans(id),
    version INTEGER NOT NULL,
    status TEXT NOT NULL,
    snapshot_json TEXT NOT NULL,
    created_by TEXT NOT NULL,
    created_at TEXT NOT NULL,
    UNIQUE(lesson_plan_id, version)
);
CREATE TABLE IF NOT EXISTS lesson_plan_execution_records (
    id TEXT PRIMARY KEY,
    tenant_id TEXT NOT NULL,
    lesson_plan_id TEXT NOT NULL REFERENCES lesson_plans(id),
    execution_status TEXT NOT NULL,
    completion_percentage INTEGER NOT NULL,
    planned_content_json TEXT NOT NULL,
    delivered_content_json TEXT NOT NULL,
    pending_content_json TEXT NOT NULL,
    additional_content_json TEXT NOT NULL,
    notes TEXT,
    executed_by TEXT NOT NULL,
    executed_at TEXT NOT NULL
);

CREATE TABLE IF NOT EXISTS attendance_policies (
    id TEXT PRIMARY KEY,
    tenant_id TEXT NOT NULL,
    name TEXT NOT NULL,
    status TEXT NOT NULL,
    current_version INTEGER NOT NULL,
    created_at TEXT NOT NULL,
    updated_at TEXT NOT NULL
);
CREATE TABLE IF NOT EXISTS attendance_policy_versions (
    id TEXT PRIMARY KEY,
    tenant_id TEXT NOT NULL,
    policy_id TEXT NOT NULL REFERENCES attendance_policies(id),
    version INTEGER NOT NULL,
    effective_from TEXT NOT NULL,
    effective_until TEXT,
    minimum_percentage TEXT NOT NULL,
    status_effects_json TEXT NOT NULL,
    tolerances_json TEXT NOT NULL,
    payload_json TEXT NOT NULL,
    created_by TEXT NOT NULL,
    created_at TEXT NOT NULL,
    UNIQUE(policy_id, version)
);
CREATE TABLE IF NOT EXISTS class_sessions (
    id TEXT PRIMARY KEY,
    tenant_id TEXT NOT NULL,
    institution_id TEXT NOT NULL,
    unit_id TEXT NOT NULL,
    class_group_id TEXT NOT NULL,
    component_id TEXT NOT NULL,
    attendance_policy_id TEXT NOT NULL REFERENCES attendance_policies(id),
    lesson_plan_id TEXT REFERENCES lesson_plans(id),
    scheduled_start TEXT NOT NULL,
    scheduled_end TEXT NOT NULL,
    actual_start TEXT,
    actual_end TEXT,
    status TEXT NOT NULL,
    modality TEXT NOT NULL,
    enrolled_students_json TEXT NOT NULL,
    teacher_ids_json TEXT NOT NULL,
    payload_json TEXT NOT NULL,
    version INTEGER NOT NULL DEFAULT 1,
    created_by TEXT NOT NULL,
    updated_by TEXT NOT NULL,
    created_at TEXT NOT NULL,
    updated_at TEXT NOT NULL
);
CREATE TABLE IF NOT EXISTS attendance_calls (
    id TEXT PRIMARY KEY,
    tenant_id TEXT NOT NULL,
    class_session_id TEXT NOT NULL REFERENCES class_sessions(id),
    status TEXT NOT NULL,
    current_version INTEGER NOT NULL,
    mode TEXT NOT NULL,
    opened_by TEXT NOT NULL,
    opened_at TEXT NOT NULL,
    submitted_by TEXT,
    submitted_at TEXT,
    closed_by TEXT,
    closed_at TEXT,
    UNIQUE(class_session_id)
);
CREATE TABLE IF NOT EXISTS attendance_call_versions (
    id TEXT PRIMARY KEY,
    tenant_id TEXT NOT NULL,
    attendance_call_id TEXT NOT NULL REFERENCES attendance_calls(id),
    version INTEGER NOT NULL,
    snapshot_json TEXT NOT NULL,
    actor_id TEXT NOT NULL,
    origin TEXT NOT NULL,
    device_id TEXT,
    created_at TEXT NOT NULL,
    UNIQUE(attendance_call_id, version)
);
CREATE TABLE IF NOT EXISTS attendance_records (
    id TEXT PRIMARY KEY,
    tenant_id TEXT NOT NULL,
    attendance_call_id TEXT NOT NULL REFERENCES attendance_calls(id),
    class_session_id TEXT NOT NULL REFERENCES class_sessions(id),
    student_id TEXT NOT NULL,
    status_code TEXT NOT NULL,
    minutes_present INTEGER,
    observation TEXT,
    version INTEGER NOT NULL DEFAULT 1,
    updated_by TEXT NOT NULL,
    updated_at TEXT NOT NULL,
    UNIQUE(class_session_id, student_id)
);
CREATE TABLE IF NOT EXISTS attendance_record_events (
    id TEXT PRIMARY KEY,
    tenant_id TEXT NOT NULL,
    attendance_record_id TEXT NOT NULL REFERENCES attendance_records(id),
    event_type TEXT NOT NULL,
    before_json TEXT,
    after_json TEXT NOT NULL,
    reason TEXT,
    actor_id TEXT NOT NULL,
    origin TEXT NOT NULL,
    device_id TEXT,
    created_at TEXT NOT NULL
);
CREATE TABLE IF NOT EXISTS attendance_justifications (
    id TEXT PRIMARY KEY,
    tenant_id TEXT NOT NULL,
    student_id TEXT NOT NULL,
    session_ids_json TEXT NOT NULL,
    reason TEXT NOT NULL,
    state TEXT NOT NULL,
    attachments_json TEXT NOT NULL,
    submitted_by TEXT NOT NULL,
    reviewed_by TEXT,
    review_notes TEXT,
    created_at TEXT NOT NULL,
    updated_at TEXT NOT NULL
);
CREATE TABLE IF NOT EXISTS attendance_corrections (
    id TEXT PRIMARY KEY,
    tenant_id TEXT NOT NULL,
    attendance_record_id TEXT NOT NULL REFERENCES attendance_records(id),
    from_status TEXT NOT NULL,
    to_status TEXT NOT NULL,
    reason TEXT NOT NULL,
    actor_id TEXT NOT NULL,
    approved_by TEXT,
    created_at TEXT NOT NULL
);

CREATE TABLE IF NOT EXISTS contract_snapshots (
    id TEXT PRIMARY KEY,
    tenant_id TEXT NOT NULL,
    contract_id TEXT NOT NULL,
    template_version_id TEXT,
    schema_version INTEGER NOT NULL,
    rendered_variables_json TEXT NOT NULL,
    source_references_json TEXT NOT NULL,
    generated_document_sha256 TEXT NOT NULL,
    storage_key TEXT NOT NULL,
    generated_at TEXT NOT NULL,
    generated_by TEXT NOT NULL
);
CREATE TABLE IF NOT EXISTS signature_envelopes (
    id TEXT PRIMARY KEY,
    tenant_id TEXT NOT NULL,
    contract_id TEXT NOT NULL,
    document_sha256 TEXT NOT NULL,
    state TEXT NOT NULL,
    signing_order TEXT NOT NULL,
    signers_json TEXT NOT NULL,
    evidence_json TEXT NOT NULL,
    created_at TEXT NOT NULL,
    updated_at TEXT NOT NULL
);

CREATE INDEX IF NOT EXISTS idx_tenant_outbox_pending ON outbox_events(published_at, created_at);
CREATE INDEX IF NOT EXISTS idx_teaching_plans_scope ON teaching_plans(tenant_id, class_group_id, component_id, status);
CREATE INDEX IF NOT EXISTS idx_lesson_plans_schedule ON lesson_plans(tenant_id, scheduled_start, status);
CREATE INDEX IF NOT EXISTS idx_sessions_schedule ON class_sessions(tenant_id, scheduled_start, status);
CREATE INDEX IF NOT EXISTS idx_attendance_student ON attendance_records(tenant_id, student_id, status_code);

-- App Factory operacional: entitlements, jobs imutáveis, artifacts e releases.
CREATE TABLE IF NOT EXISTS tenant_app_entitlements (
    id TEXT PRIMARY KEY,
    tenant_id TEXT NOT NULL,
    app_product TEXT NOT NULL,
    state TEXT NOT NULL,
    valid_from TEXT NOT NULL,
    valid_until TEXT,
    contract_reference TEXT,
    created_by TEXT,
    created_at TEXT NOT NULL,
    updated_at TEXT NOT NULL,
    UNIQUE(tenant_id, app_product)
);

CREATE TABLE IF NOT EXISTS app_build_jobs (
    id TEXT PRIMARY KEY,
    tenant_id TEXT NOT NULL,
    build_request_id TEXT NOT NULL REFERENCES app_build_requests(id),
    manifest_id TEXT NOT NULL REFERENCES tenant_app_manifests(id),
    app_product TEXT NOT NULL,
    platform TEXT NOT NULL,
    architecture TEXT NOT NULL,
    status TEXT NOT NULL,
    required_os TEXT NOT NULL,
    spec_sha256 TEXT NOT NULL,
    spec_json TEXT NOT NULL,
    claimed_by TEXT,
    claimed_at TEXT,
    started_at TEXT,
    finished_at TEXT,
    attempts INTEGER NOT NULL DEFAULT 0,
    last_error TEXT,
    created_at TEXT NOT NULL,
    updated_at TEXT NOT NULL,
    UNIQUE(build_request_id, app_product, platform, architecture)
);
CREATE INDEX IF NOT EXISTS idx_app_build_jobs_queue ON app_build_jobs(status, required_os, created_at);

CREATE TABLE IF NOT EXISTS app_build_artifacts (
    id TEXT PRIMARY KEY,
    tenant_id TEXT NOT NULL,
    build_request_id TEXT NOT NULL REFERENCES app_build_requests(id),
    build_job_id TEXT NOT NULL REFERENCES app_build_jobs(id),
    app_product TEXT NOT NULL,
    platform TEXT NOT NULL,
    architecture TEXT NOT NULL,
    artifact_kind TEXT NOT NULL,
    filename TEXT NOT NULL,
    storage_key TEXT NOT NULL,
    mime_type TEXT NOT NULL,
    bytes INTEGER NOT NULL,
    sha256 TEXT NOT NULL,
    signed_state TEXT NOT NULL,
    sbom_storage_key TEXT,
    provenance_storage_key TEXT,
    created_at TEXT NOT NULL,
    UNIQUE(tenant_id, sha256, artifact_kind)
);

CREATE TABLE IF NOT EXISTS app_releases (
    id TEXT PRIMARY KEY,
    tenant_id TEXT NOT NULL,
    build_request_id TEXT NOT NULL REFERENCES app_build_requests(id),
    version TEXT NOT NULL,
    channel TEXT NOT NULL,
    state TEXT NOT NULL,
    changelog TEXT,
    mandatory INTEGER NOT NULL DEFAULT 0,
    created_by TEXT,
    created_at TEXT NOT NULL,
    published_at TEXT,
    revoked_at TEXT,
    revoke_reason TEXT,
    UNIQUE(tenant_id, version, channel)
);

CREATE TABLE IF NOT EXISTS app_release_artifacts (
    id TEXT PRIMARY KEY,
    tenant_id TEXT NOT NULL,
    release_id TEXT NOT NULL REFERENCES app_releases(id),
    artifact_id TEXT NOT NULL REFERENCES app_build_artifacts(id),
    created_at TEXT NOT NULL,
    UNIQUE(release_id, artifact_id)
);

CREATE TABLE IF NOT EXISTS app_download_events (
    id TEXT PRIMARY KEY,
    tenant_id TEXT NOT NULL,
    release_id TEXT NOT NULL REFERENCES app_releases(id),
    artifact_id TEXT NOT NULL REFERENCES app_build_artifacts(id),
    user_id TEXT,
    ip TEXT,
    user_agent TEXT,
    created_at TEXT NOT NULL
);

-- PIGE360 V8 - núcleo operacional relacional local (SQLite).
-- Todas as tabelas operacionais possuem tenant_id explícito; o adaptador PostgreSQL
-- aplica RLS e database/role exclusivos por tenant na execução de produção.

CREATE TABLE IF NOT EXISTS institutions (
  id TEXT PRIMARY KEY, tenant_id TEXT NOT NULL, legal_name TEXT NOT NULL, trade_name TEXT NOT NULL,
  cnpj TEXT, education_system TEXT, state TEXT NOT NULL DEFAULT 'active',
  created_at TEXT NOT NULL, updated_at TEXT NOT NULL, UNIQUE(tenant_id, cnpj)
);
CREATE TABLE IF NOT EXISTS units (
  id TEXT PRIMARY KEY, tenant_id TEXT NOT NULL, institution_id TEXT NOT NULL REFERENCES institutions(id),
  code TEXT NOT NULL, name TEXT NOT NULL, timezone TEXT NOT NULL DEFAULT 'America/Bahia', address_json TEXT NOT NULL DEFAULT '{}',
  state TEXT NOT NULL DEFAULT 'active', created_at TEXT NOT NULL, updated_at TEXT NOT NULL,
  UNIQUE(tenant_id, code)
);
CREATE TABLE IF NOT EXISTS academic_years (
  id TEXT PRIMARY KEY, tenant_id TEXT NOT NULL, institution_id TEXT NOT NULL REFERENCES institutions(id),
  name TEXT NOT NULL, starts_on TEXT NOT NULL, ends_on TEXT NOT NULL, state TEXT NOT NULL DEFAULT 'draft',
  version INTEGER NOT NULL DEFAULT 1, created_at TEXT NOT NULL, updated_at TEXT NOT NULL,
  UNIQUE(tenant_id, institution_id, name)
);
CREATE TABLE IF NOT EXISTS programs (
  id TEXT PRIMARY KEY, tenant_id TEXT NOT NULL, institution_id TEXT NOT NULL REFERENCES institutions(id),
  code TEXT NOT NULL, name TEXT NOT NULL, education_level TEXT NOT NULL, modality TEXT,
  state TEXT NOT NULL DEFAULT 'active', created_at TEXT NOT NULL, updated_at TEXT NOT NULL,
  UNIQUE(tenant_id, code)
);
CREATE TABLE IF NOT EXISTS curricula (
  id TEXT PRIMARY KEY, tenant_id TEXT NOT NULL, program_id TEXT NOT NULL REFERENCES programs(id),
  code TEXT NOT NULL, name TEXT NOT NULL, version INTEGER NOT NULL DEFAULT 1,
  effective_from TEXT NOT NULL, effective_until TEXT, state TEXT NOT NULL DEFAULT 'active',
  created_at TEXT NOT NULL, updated_at TEXT NOT NULL, UNIQUE(tenant_id, program_id, code, version)
);
CREATE TABLE IF NOT EXISTS curriculum_components (
  id TEXT PRIMARY KEY, tenant_id TEXT NOT NULL, curriculum_id TEXT NOT NULL REFERENCES curricula(id),
  code TEXT NOT NULL, name TEXT NOT NULL, workload_hours NUMERIC NOT NULL DEFAULT 0,
  credits NUMERIC, syllabus TEXT, state TEXT NOT NULL DEFAULT 'active',
  created_at TEXT NOT NULL, updated_at TEXT NOT NULL, UNIQUE(tenant_id, curriculum_id, code)
);
CREATE TABLE IF NOT EXISTS class_groups (
  id TEXT PRIMARY KEY, tenant_id TEXT NOT NULL, unit_id TEXT NOT NULL REFERENCES units(id),
  academic_year_id TEXT NOT NULL REFERENCES academic_years(id), program_id TEXT NOT NULL REFERENCES programs(id),
  curriculum_id TEXT NOT NULL REFERENCES curricula(id), code TEXT NOT NULL, name TEXT NOT NULL,
  shift TEXT, capacity INTEGER, room TEXT, state TEXT NOT NULL DEFAULT 'active',
  created_at TEXT NOT NULL, updated_at TEXT NOT NULL, UNIQUE(tenant_id, academic_year_id, code)
);

CREATE TABLE IF NOT EXISTS people (
  id TEXT PRIMARY KEY, tenant_id TEXT NOT NULL, full_name TEXT NOT NULL, social_name TEXT,
  cpf TEXT, birth_date TEXT, email TEXT, phone TEXT, civil_data_json TEXT NOT NULL DEFAULT '{}',
  address_json TEXT NOT NULL DEFAULT '{}', emergency_json TEXT NOT NULL DEFAULT '{}', state TEXT NOT NULL DEFAULT 'active',
  created_at TEXT NOT NULL, updated_at TEXT NOT NULL, UNIQUE(tenant_id, cpf)
);
CREATE INDEX IF NOT EXISTS ix_people_name ON people(tenant_id, full_name);
CREATE TABLE IF NOT EXISTS students (
  id TEXT PRIMARY KEY, tenant_id TEXT NOT NULL, person_id TEXT NOT NULL REFERENCES people(id),
  registration_number TEXT NOT NULL, state TEXT NOT NULL DEFAULT 'active', needs_json TEXT NOT NULL DEFAULT '{}',
  created_at TEXT NOT NULL, updated_at TEXT NOT NULL,
  UNIQUE(tenant_id, registration_number), UNIQUE(tenant_id, person_id)
);
CREATE TABLE IF NOT EXISTS guardians (
  id TEXT PRIMARY KEY, tenant_id TEXT NOT NULL, person_id TEXT NOT NULL REFERENCES people(id),
  state TEXT NOT NULL DEFAULT 'active', created_at TEXT NOT NULL, updated_at TEXT NOT NULL,
  UNIQUE(tenant_id, person_id)
);
CREATE TABLE IF NOT EXISTS guardian_students (
  id TEXT PRIMARY KEY, tenant_id TEXT NOT NULL, guardian_id TEXT NOT NULL REFERENCES guardians(id),
  student_id TEXT NOT NULL REFERENCES students(id), relationship TEXT NOT NULL,
  is_legal INTEGER NOT NULL DEFAULT 0, is_financial INTEGER NOT NULL DEFAULT 0, pickup_authorized INTEGER NOT NULL DEFAULT 0,
  created_at TEXT NOT NULL, updated_at TEXT NOT NULL, UNIQUE(tenant_id, guardian_id, student_id)
);
CREATE TABLE IF NOT EXISTS employees (
  id TEXT PRIMARY KEY, tenant_id TEXT NOT NULL, person_id TEXT NOT NULL REFERENCES people(id),
  employee_number TEXT NOT NULL, department TEXT, position TEXT, admission_date TEXT, state TEXT NOT NULL DEFAULT 'active',
  created_at TEXT NOT NULL, updated_at TEXT NOT NULL,
  UNIQUE(tenant_id, employee_number), UNIQUE(tenant_id, person_id)
);
CREATE TABLE IF NOT EXISTS teacher_assignments (
  id TEXT PRIMARY KEY, tenant_id TEXT NOT NULL, employee_id TEXT NOT NULL REFERENCES employees(id),
  class_group_id TEXT NOT NULL REFERENCES class_groups(id), component_id TEXT NOT NULL REFERENCES curriculum_components(id),
  starts_on TEXT NOT NULL, ends_on TEXT, role TEXT NOT NULL DEFAULT 'teacher', state TEXT NOT NULL DEFAULT 'active',
  created_at TEXT NOT NULL, updated_at TEXT NOT NULL,
  UNIQUE(tenant_id, employee_id, class_group_id, component_id, starts_on)
);
CREATE TABLE IF NOT EXISTS admission_candidates (
  id TEXT PRIMARY KEY, tenant_id TEXT NOT NULL, person_id TEXT NOT NULL REFERENCES people(id),
  program_id TEXT NOT NULL REFERENCES programs(id), academic_year_id TEXT NOT NULL REFERENCES academic_years(id),
  source TEXT, score NUMERIC, rank_position INTEGER, state TEXT NOT NULL DEFAULT 'registered',
  notes TEXT, created_at TEXT NOT NULL, updated_at TEXT NOT NULL
);
CREATE TABLE IF NOT EXISTS enrollments (
  id TEXT PRIMARY KEY, tenant_id TEXT NOT NULL, student_id TEXT NOT NULL REFERENCES students(id),
  institution_id TEXT NOT NULL REFERENCES institutions(id), unit_id TEXT NOT NULL REFERENCES units(id),
  program_id TEXT NOT NULL REFERENCES programs(id), curriculum_id TEXT NOT NULL REFERENCES curricula(id),
  academic_year_id TEXT NOT NULL REFERENCES academic_years(id), class_group_id TEXT REFERENCES class_groups(id),
  enrollment_number TEXT NOT NULL, financial_responsible_guardian_id TEXT REFERENCES guardians(id),
  state TEXT NOT NULL DEFAULT 'pre_enrolled', enrolled_on TEXT, ended_on TEXT, version INTEGER NOT NULL DEFAULT 1,
  created_at TEXT NOT NULL, updated_at TEXT NOT NULL, UNIQUE(tenant_id, enrollment_number)
);
CREATE INDEX IF NOT EXISTS ix_enrollments_student ON enrollments(tenant_id, student_id, state);

CREATE TABLE IF NOT EXISTS financial_contracts (
  id TEXT PRIMARY KEY, tenant_id TEXT NOT NULL, enrollment_id TEXT REFERENCES enrollments(id),
  responsible_guardian_id TEXT REFERENCES guardians(id), description TEXT NOT NULL, total_amount NUMERIC NOT NULL,
  currency TEXT NOT NULL DEFAULT 'BRL', competence_rule TEXT NOT NULL DEFAULT 'billing', state TEXT NOT NULL DEFAULT 'draft',
  version INTEGER NOT NULL DEFAULT 1, created_at TEXT NOT NULL, updated_at TEXT NOT NULL
);
CREATE TABLE IF NOT EXISTS installments (
  id TEXT PRIMARY KEY, tenant_id TEXT NOT NULL, financial_contract_id TEXT NOT NULL REFERENCES financial_contracts(id),
  sequence INTEGER NOT NULL, competence TEXT, due_date TEXT NOT NULL, original_amount NUMERIC NOT NULL,
  discount_amount NUMERIC NOT NULL DEFAULT 0, penalty_amount NUMERIC NOT NULL DEFAULT 0, interest_amount NUMERIC NOT NULL DEFAULT 0,
  paid_amount NUMERIC NOT NULL DEFAULT 0, state TEXT NOT NULL DEFAULT 'open', created_at TEXT NOT NULL, updated_at TEXT NOT NULL,
  UNIQUE(financial_contract_id, sequence)
);
CREATE INDEX IF NOT EXISTS ix_installments_due ON installments(tenant_id, state, due_date);
CREATE TABLE IF NOT EXISTS payments (
  id TEXT PRIMARY KEY, tenant_id TEXT NOT NULL, method TEXT NOT NULL, amount NUMERIC NOT NULL, paid_at TEXT NOT NULL,
  external_reference TEXT, state TEXT NOT NULL DEFAULT 'confirmed', idempotency_key TEXT,
  metadata_json TEXT NOT NULL DEFAULT '{}', created_at TEXT NOT NULL,
  UNIQUE(tenant_id, idempotency_key)
);
CREATE TABLE IF NOT EXISTS payment_allocations (
  id TEXT PRIMARY KEY, tenant_id TEXT NOT NULL, payment_id TEXT NOT NULL REFERENCES payments(id),
  installment_id TEXT NOT NULL REFERENCES installments(id), amount NUMERIC NOT NULL, created_at TEXT NOT NULL,
  UNIQUE(payment_id, installment_id)
);
CREATE TABLE IF NOT EXISTS ledger_entries (
  id TEXT PRIMARY KEY, tenant_id TEXT NOT NULL, entry_type TEXT NOT NULL, reference_type TEXT NOT NULL, reference_id TEXT NOT NULL,
  debit_account TEXT, credit_account TEXT, amount NUMERIC NOT NULL, competence TEXT, occurred_at TEXT NOT NULL,
  reversal_of_id TEXT REFERENCES ledger_entries(id), description TEXT, created_at TEXT NOT NULL
);
CREATE TABLE IF NOT EXISTS bank_accounts (
  id TEXT PRIMARY KEY, tenant_id TEXT NOT NULL, name TEXT NOT NULL, bank_code TEXT, branch TEXT, account_number TEXT,
  pix_key TEXT, pix_receiver_name TEXT, pix_receiver_city TEXT, state TEXT NOT NULL DEFAULT 'active',
  created_at TEXT NOT NULL, updated_at TEXT NOT NULL
);
CREATE TABLE IF NOT EXISTS pix_charges (
  id TEXT PRIMARY KEY, tenant_id TEXT NOT NULL, bank_account_id TEXT NOT NULL REFERENCES bank_accounts(id),
  installment_id TEXT NOT NULL REFERENCES installments(id), txid TEXT NOT NULL, amount NUMERIC NOT NULL,
  br_code TEXT NOT NULL, state TEXT NOT NULL DEFAULT 'pending', expires_at TEXT, paid_at TEXT,
  end_to_end_id TEXT, created_at TEXT NOT NULL, updated_at TEXT NOT NULL, UNIQUE(tenant_id, txid)
);
CREATE TABLE IF NOT EXISTS bank_imports (
  id TEXT PRIMARY KEY, tenant_id TEXT NOT NULL, bank_account_id TEXT NOT NULL REFERENCES bank_accounts(id),
  source_type TEXT NOT NULL, source_sha256 TEXT NOT NULL, imported_at TEXT NOT NULL, created_by TEXT,
  UNIQUE(tenant_id, source_sha256)
);
CREATE TABLE IF NOT EXISTS bank_transactions (
  id TEXT PRIMARY KEY, tenant_id TEXT NOT NULL, bank_import_id TEXT REFERENCES bank_imports(id),
  bank_account_id TEXT NOT NULL REFERENCES bank_accounts(id), external_id TEXT, posted_at TEXT NOT NULL,
  description TEXT, amount NUMERIC NOT NULL, direction TEXT NOT NULL, state TEXT NOT NULL DEFAULT 'unmatched',
  payment_id TEXT REFERENCES payments(id), created_at TEXT NOT NULL,
  UNIQUE(tenant_id, bank_account_id, external_id)
);

CREATE TABLE IF NOT EXISTS services (
  id TEXT PRIMARY KEY, tenant_id TEXT NOT NULL, code TEXT NOT NULL, name TEXT NOT NULL, description TEXT,
  price NUMERIC NOT NULL DEFAULT 0, recurrence TEXT, nbs TEXT, lc116_code TEXT, municipal_code TEXT, cnae TEXT,
  fiscal_profile_json TEXT NOT NULL DEFAULT '{}', state TEXT NOT NULL DEFAULT 'active',
  created_at TEXT NOT NULL, updated_at TEXT NOT NULL, UNIQUE(tenant_id, code)
);
CREATE TABLE IF NOT EXISTS service_orders (
  id TEXT PRIMARY KEY, tenant_id TEXT NOT NULL, enrollment_id TEXT REFERENCES enrollments(id),
  responsible_guardian_id TEXT REFERENCES guardians(id), competence TEXT, state TEXT NOT NULL DEFAULT 'draft',
  total_amount NUMERIC NOT NULL DEFAULT 0, financial_contract_id TEXT REFERENCES financial_contracts(id),
  fiscal_document_id TEXT, created_at TEXT NOT NULL, updated_at TEXT NOT NULL
);
CREATE TABLE IF NOT EXISTS service_order_items (
  id TEXT PRIMARY KEY, tenant_id TEXT NOT NULL, service_order_id TEXT NOT NULL REFERENCES service_orders(id),
  service_id TEXT NOT NULL REFERENCES services(id), quantity NUMERIC NOT NULL, unit_price NUMERIC NOT NULL,
  total_amount NUMERIC NOT NULL, created_at TEXT NOT NULL
);

CREATE TABLE IF NOT EXISTS products (
  id TEXT PRIMARY KEY, tenant_id TEXT NOT NULL, sku TEXT NOT NULL, barcode TEXT, name TEXT NOT NULL,
  product_type TEXT NOT NULL DEFAULT 'product', ncm TEXT, cest TEXT, unit TEXT NOT NULL DEFAULT 'UN',
  cost NUMERIC NOT NULL DEFAULT 0, sale_price NUMERIC NOT NULL DEFAULT 0, fiscal_profile_json TEXT NOT NULL DEFAULT '{}',
  allergen_json TEXT NOT NULL DEFAULT '[]', restriction_json TEXT NOT NULL DEFAULT '{}', state TEXT NOT NULL DEFAULT 'active',
  created_at TEXT NOT NULL, updated_at TEXT NOT NULL, UNIQUE(tenant_id, sku), UNIQUE(tenant_id, barcode)
);
CREATE TABLE IF NOT EXISTS stock_balances (
  tenant_id TEXT NOT NULL, product_id TEXT NOT NULL REFERENCES products(id), warehouse TEXT NOT NULL DEFAULT 'default',
  quantity NUMERIC NOT NULL DEFAULT 0, reserved NUMERIC NOT NULL DEFAULT 0, updated_at TEXT NOT NULL,
  PRIMARY KEY(tenant_id, product_id, warehouse)
);
CREATE TABLE IF NOT EXISTS stock_movements (
  id TEXT PRIMARY KEY, tenant_id TEXT NOT NULL, product_id TEXT NOT NULL REFERENCES products(id), warehouse TEXT NOT NULL DEFAULT 'default',
  movement_type TEXT NOT NULL, quantity NUMERIC NOT NULL, unit_cost NUMERIC, reference_type TEXT, reference_id TEXT,
  reason TEXT, occurred_at TEXT NOT NULL, created_by TEXT
);
CREATE TABLE IF NOT EXISTS cash_sessions (
  id TEXT PRIMARY KEY, tenant_id TEXT NOT NULL, terminal_code TEXT NOT NULL, operator_user_id TEXT NOT NULL,
  opened_at TEXT NOT NULL, opening_amount NUMERIC NOT NULL DEFAULT 0, closed_at TEXT, closing_amount NUMERIC,
  state TEXT NOT NULL DEFAULT 'open', created_at TEXT NOT NULL
);
CREATE TABLE IF NOT EXISTS sales (
  id TEXT PRIMARY KEY, tenant_id TEXT NOT NULL, cash_session_id TEXT REFERENCES cash_sessions(id),
  customer_person_id TEXT REFERENCES people(id), student_id TEXT REFERENCES students(id), channel TEXT NOT NULL,
  subtotal NUMERIC NOT NULL, discount NUMERIC NOT NULL DEFAULT 0, total_amount NUMERIC NOT NULL,
  state TEXT NOT NULL DEFAULT 'completed', fiscal_status TEXT NOT NULL DEFAULT 'pending', idempotency_key TEXT,
  created_by TEXT NOT NULL, created_at TEXT NOT NULL, UNIQUE(tenant_id, idempotency_key)
);
CREATE TABLE IF NOT EXISTS sale_items (
  id TEXT PRIMARY KEY, tenant_id TEXT NOT NULL, sale_id TEXT NOT NULL REFERENCES sales(id),
  product_id TEXT NOT NULL REFERENCES products(id), quantity NUMERIC NOT NULL, unit_price NUMERIC NOT NULL,
  discount NUMERIC NOT NULL DEFAULT 0, total_amount NUMERIC NOT NULL, created_at TEXT NOT NULL
);
CREATE TABLE IF NOT EXISTS sale_payments (
  id TEXT PRIMARY KEY, tenant_id TEXT NOT NULL, sale_id TEXT NOT NULL REFERENCES sales(id),
  method TEXT NOT NULL, amount NUMERIC NOT NULL, external_reference TEXT, created_at TEXT NOT NULL
);
CREATE TABLE IF NOT EXISTS suppliers (
  id TEXT PRIMARY KEY, tenant_id TEXT NOT NULL, legal_name TEXT NOT NULL, trade_name TEXT, cnpj TEXT,
  email TEXT, phone TEXT, state TEXT NOT NULL DEFAULT 'active', created_at TEXT NOT NULL, updated_at TEXT NOT NULL,
  UNIQUE(tenant_id, cnpj)
);
CREATE TABLE IF NOT EXISTS purchase_orders (
  id TEXT PRIMARY KEY, tenant_id TEXT NOT NULL, supplier_id TEXT NOT NULL REFERENCES suppliers(id),
  order_number TEXT NOT NULL, state TEXT NOT NULL DEFAULT 'draft', total_amount NUMERIC NOT NULL DEFAULT 0,
  expected_on TEXT, received_at TEXT, created_at TEXT NOT NULL, updated_at TEXT NOT NULL,
  UNIQUE(tenant_id, order_number)
);
CREATE TABLE IF NOT EXISTS purchase_order_items (
  id TEXT PRIMARY KEY, tenant_id TEXT NOT NULL, purchase_order_id TEXT NOT NULL REFERENCES purchase_orders(id),
  product_id TEXT NOT NULL REFERENCES products(id), quantity NUMERIC NOT NULL, unit_cost NUMERIC NOT NULL,
  received_quantity NUMERIC NOT NULL DEFAULT 0, created_at TEXT NOT NULL
);
CREATE TABLE IF NOT EXISTS assets (
  id TEXT PRIMARY KEY, tenant_id TEXT NOT NULL, asset_number TEXT NOT NULL, description TEXT NOT NULL,
  acquisition_date TEXT, acquisition_cost NUMERIC, location TEXT, responsible_person_id TEXT REFERENCES people(id),
  state TEXT NOT NULL DEFAULT 'active', created_at TEXT NOT NULL, updated_at TEXT NOT NULL,
  UNIQUE(tenant_id, asset_number)
);

CREATE TABLE IF NOT EXISTS fiscal_profiles (
  id TEXT PRIMARY KEY, tenant_id TEXT NOT NULL, establishment_name TEXT NOT NULL, cnpj TEXT NOT NULL,
  tax_regime TEXT NOT NULL, uf TEXT NOT NULL, municipality_code TEXT, environment TEXT NOT NULL DEFAULT 'homologation',
  state TEXT NOT NULL DEFAULT 'active', created_at TEXT NOT NULL, updated_at TEXT NOT NULL,
  UNIQUE(tenant_id, cnpj)
);
CREATE TABLE IF NOT EXISTS fiscal_rules (
  id TEXT PRIMARY KEY, tenant_id TEXT NOT NULL, fiscal_profile_id TEXT NOT NULL REFERENCES fiscal_profiles(id),
  operation_type TEXT NOT NULL, item_kind TEXT NOT NULL, classification_key TEXT,
  effective_from TEXT NOT NULL, effective_until TEXT, rules_json TEXT NOT NULL,
  state TEXT NOT NULL DEFAULT 'active', version INTEGER NOT NULL DEFAULT 1, created_at TEXT NOT NULL
);
CREATE TABLE IF NOT EXISTS fiscal_documents (
  id TEXT PRIMARY KEY, tenant_id TEXT NOT NULL, fiscal_profile_id TEXT REFERENCES fiscal_profiles(id),
  document_type TEXT NOT NULL, source_type TEXT NOT NULL, source_id TEXT NOT NULL, environment TEXT NOT NULL,
  state TEXT NOT NULL DEFAULT 'requested', access_key TEXT, protocol TEXT, number TEXT, series TEXT,
  totals_json TEXT NOT NULL DEFAULT '{}', request_json TEXT NOT NULL DEFAULT '{}', response_json TEXT NOT NULL DEFAULT '{}',
  xml_storage_key TEXT, pdf_storage_key TEXT, xml_sha256 TEXT, error_code TEXT, error_message TEXT,
  created_at TEXT NOT NULL, updated_at TEXT NOT NULL, UNIQUE(tenant_id, document_type, source_type, source_id)
);

CREATE TABLE IF NOT EXISTS employment_contracts (
  id TEXT PRIMARY KEY, tenant_id TEXT NOT NULL, employee_id TEXT NOT NULL REFERENCES employees(id),
  contract_type TEXT NOT NULL, starts_on TEXT NOT NULL, ends_on TEXT, salary NUMERIC, weekly_hours NUMERIC,
  schedule_json TEXT NOT NULL DEFAULT '{}', state TEXT NOT NULL DEFAULT 'active', version INTEGER NOT NULL DEFAULT 1,
  created_at TEXT NOT NULL, updated_at TEXT NOT NULL
);
CREATE TABLE IF NOT EXISTS payroll_runs (
  id TEXT PRIMARY KEY, tenant_id TEXT NOT NULL, competence TEXT NOT NULL, run_type TEXT NOT NULL DEFAULT 'monthly',
  state TEXT NOT NULL DEFAULT 'draft', gross_total NUMERIC NOT NULL DEFAULT 0, deductions_total NUMERIC NOT NULL DEFAULT 0,
  net_total NUMERIC NOT NULL DEFAULT 0, version INTEGER NOT NULL DEFAULT 1, created_at TEXT NOT NULL, updated_at TEXT NOT NULL,
  UNIQUE(tenant_id, competence, run_type)
);
CREATE TABLE IF NOT EXISTS payroll_entries (
  id TEXT PRIMARY KEY, tenant_id TEXT NOT NULL, payroll_run_id TEXT NOT NULL REFERENCES payroll_runs(id),
  employee_id TEXT NOT NULL REFERENCES employees(id), gross_amount NUMERIC NOT NULL DEFAULT 0,
  deductions_amount NUMERIC NOT NULL DEFAULT 0, net_amount NUMERIC NOT NULL DEFAULT 0,
  items_json TEXT NOT NULL DEFAULT '[]', state TEXT NOT NULL DEFAULT 'calculated', created_at TEXT NOT NULL,
  UNIQUE(payroll_run_id, employee_id)
);
CREATE TABLE IF NOT EXISTS time_entries (
  id TEXT PRIMARY KEY, tenant_id TEXT NOT NULL, employee_id TEXT NOT NULL REFERENCES employees(id),
  occurred_at TEXT NOT NULL, event_type TEXT NOT NULL, origin TEXT NOT NULL, device_id TEXT,
  latitude NUMERIC, longitude NUMERIC, idempotency_key TEXT, state TEXT NOT NULL DEFAULT 'valid',
  created_at TEXT NOT NULL, UNIQUE(tenant_id, idempotency_key)
);

CREATE TABLE IF NOT EXISTS events (
  id TEXT PRIMARY KEY, tenant_id TEXT NOT NULL, event_type TEXT NOT NULL, name TEXT NOT NULL,
  starts_at TEXT NOT NULL, ends_at TEXT NOT NULL, location TEXT, capacity INTEGER, state TEXT NOT NULL DEFAULT 'draft',
  budget NUMERIC, payload_json TEXT NOT NULL DEFAULT '{}', version INTEGER NOT NULL DEFAULT 1,
  created_at TEXT NOT NULL, updated_at TEXT NOT NULL
);
CREATE TABLE IF NOT EXISTS trips (
  id TEXT PRIMARY KEY, tenant_id TEXT NOT NULL, event_id TEXT REFERENCES events(id), name TEXT NOT NULL,
  destination TEXT NOT NULL, starts_at TEXT NOT NULL, ends_at TEXT NOT NULL,
  itinerary_json TEXT NOT NULL DEFAULT '[]', vehicles_json TEXT NOT NULL DEFAULT '[]', emergency_json TEXT NOT NULL DEFAULT '{}',
  state TEXT NOT NULL DEFAULT 'draft', created_at TEXT NOT NULL, updated_at TEXT NOT NULL
);
CREATE TABLE IF NOT EXISTS notices (
  id TEXT PRIMARY KEY, tenant_id TEXT NOT NULL, title TEXT NOT NULL, body TEXT NOT NULL, priority TEXT NOT NULL DEFAULT 'normal',
  audience_json TEXT NOT NULL, channels_json TEXT NOT NULL DEFAULT '["internal"]', scheduled_at TEXT, expires_at TEXT,
  state TEXT NOT NULL DEFAULT 'draft', created_by TEXT NOT NULL, created_at TEXT NOT NULL, updated_at TEXT NOT NULL
);
CREATE TABLE IF NOT EXISTS service_requests (
  id TEXT PRIMARY KEY, tenant_id TEXT NOT NULL, protocol TEXT NOT NULL, requester_person_id TEXT REFERENCES people(id),
  request_type TEXT NOT NULL, subject TEXT NOT NULL, description TEXT, priority TEXT NOT NULL DEFAULT 'normal',
  department TEXT, assigned_user_id TEXT, sla_due_at TEXT, state TEXT NOT NULL DEFAULT 'open', version INTEGER NOT NULL DEFAULT 1,
  created_at TEXT NOT NULL, updated_at TEXT NOT NULL, UNIQUE(tenant_id, protocol)
);
CREATE TABLE IF NOT EXISTS automation_rules (
  id TEXT PRIMARY KEY, tenant_id TEXT NOT NULL, name TEXT NOT NULL, trigger_type TEXT NOT NULL,
  trigger_key TEXT NOT NULL, conditions_json TEXT NOT NULL DEFAULT '{}', actions_json TEXT NOT NULL DEFAULT '[]',
  state TEXT NOT NULL DEFAULT 'active', version INTEGER NOT NULL DEFAULT 1, created_at TEXT NOT NULL, updated_at TEXT NOT NULL
);
CREATE TABLE IF NOT EXISTS automation_executions (
  id TEXT PRIMARY KEY, tenant_id TEXT NOT NULL, rule_id TEXT NOT NULL REFERENCES automation_rules(id),
  event_id TEXT, state TEXT NOT NULL, dry_run INTEGER NOT NULL DEFAULT 0, input_json TEXT NOT NULL,
  result_json TEXT NOT NULL DEFAULT '{}', error TEXT, started_at TEXT NOT NULL, finished_at TEXT
);
CREATE TABLE IF NOT EXISTS notifications (
  id TEXT PRIMARY KEY, tenant_id TEXT NOT NULL, recipient_person_id TEXT REFERENCES people(id),
  channel TEXT NOT NULL, template_key TEXT, subject TEXT, body TEXT NOT NULL, state TEXT NOT NULL DEFAULT 'queued',
  provider_message_id TEXT, scheduled_at TEXT, sent_at TEXT, attempts INTEGER NOT NULL DEFAULT 0,
  idempotency_key TEXT, created_at TEXT NOT NULL, UNIQUE(tenant_id, idempotency_key)
);
CREATE TABLE IF NOT EXISTS library_items (
  id TEXT PRIMARY KEY, tenant_id TEXT NOT NULL, inventory_code TEXT NOT NULL, title TEXT NOT NULL,
  authors TEXT, isbn TEXT, category TEXT, item_type TEXT NOT NULL DEFAULT 'book', state TEXT NOT NULL DEFAULT 'available',
  created_at TEXT NOT NULL, updated_at TEXT NOT NULL, UNIQUE(tenant_id, inventory_code)
);
CREATE TABLE IF NOT EXISTS library_loans (
  id TEXT PRIMARY KEY, tenant_id TEXT NOT NULL, library_item_id TEXT NOT NULL REFERENCES library_items(id),
  person_id TEXT NOT NULL REFERENCES people(id), loaned_at TEXT NOT NULL, due_at TEXT NOT NULL,
  returned_at TEXT, renewal_count INTEGER NOT NULL DEFAULT 0, fine_amount NUMERIC NOT NULL DEFAULT 0,
  state TEXT NOT NULL DEFAULT 'open', created_at TEXT NOT NULL
);
CREATE TABLE IF NOT EXISTS transport_routes (
  id TEXT PRIMARY KEY, tenant_id TEXT NOT NULL, code TEXT NOT NULL, name TEXT NOT NULL,
  vehicle TEXT, driver_person_id TEXT REFERENCES people(id), monitor_person_id TEXT REFERENCES people(id),
  stops_json TEXT NOT NULL DEFAULT '[]', state TEXT NOT NULL DEFAULT 'active', created_at TEXT NOT NULL, updated_at TEXT NOT NULL,
  UNIQUE(tenant_id, code)
);
CREATE TABLE IF NOT EXISTS transport_riders (
  id TEXT PRIMARY KEY, tenant_id TEXT NOT NULL, route_id TEXT NOT NULL REFERENCES transport_routes(id),
  student_id TEXT NOT NULL REFERENCES students(id), boarding_stop TEXT, dropoff_stop TEXT,
  state TEXT NOT NULL DEFAULT 'active', created_at TEXT NOT NULL, UNIQUE(tenant_id, route_id, student_id)
);
CREATE TABLE IF NOT EXISTS health_records (
  id TEXT PRIMARY KEY, tenant_id TEXT NOT NULL, person_id TEXT NOT NULL REFERENCES people(id),
  record_type TEXT NOT NULL, summary TEXT NOT NULL, details_json TEXT NOT NULL DEFAULT '{}',
  sensitivity TEXT NOT NULL DEFAULT 'restricted', valid_from TEXT, valid_until TEXT, state TEXT NOT NULL DEFAULT 'active',
  created_by TEXT NOT NULL, created_at TEXT NOT NULL, updated_at TEXT NOT NULL
);
CREATE TABLE IF NOT EXISTS health_access_log (
  id TEXT PRIMARY KEY, tenant_id TEXT NOT NULL, health_record_id TEXT NOT NULL REFERENCES health_records(id),
  actor_user_id TEXT NOT NULL, reason TEXT NOT NULL, accessed_at TEXT NOT NULL
);
CREATE TABLE IF NOT EXISTS documents (
  id TEXT PRIMARY KEY, tenant_id TEXT NOT NULL, owner_type TEXT NOT NULL, owner_id TEXT,
  category TEXT NOT NULL, original_filename TEXT NOT NULL, mime_type TEXT NOT NULL, bytes INTEGER NOT NULL,
  sha256 TEXT NOT NULL, storage_key TEXT NOT NULL, antivirus_state TEXT NOT NULL DEFAULT 'not_configured',
  state TEXT NOT NULL DEFAULT 'active', created_by TEXT NOT NULL, created_at TEXT NOT NULL,
  UNIQUE(tenant_id, sha256, category, owner_type, owner_id)
);
CREATE TABLE IF NOT EXISTS integration_connections (
  id TEXT PRIMARY KEY, tenant_id TEXT NOT NULL, provider TEXT NOT NULL, name TEXT NOT NULL,
  environment TEXT NOT NULL DEFAULT 'production', capabilities_json TEXT NOT NULL DEFAULT '[]',
  secret_reference TEXT, config_json TEXT NOT NULL DEFAULT '{}', state TEXT NOT NULL DEFAULT 'not_configured',
  last_health_at TEXT, last_health_state TEXT, created_at TEXT NOT NULL, updated_at TEXT NOT NULL
);
CREATE TABLE IF NOT EXISTS integration_runs (
  id TEXT PRIMARY KEY, tenant_id TEXT NOT NULL, connection_id TEXT NOT NULL REFERENCES integration_connections(id),
  direction TEXT NOT NULL, capability TEXT NOT NULL, state TEXT NOT NULL, cursor TEXT,
  stats_json TEXT NOT NULL DEFAULT '{}', error TEXT, started_at TEXT NOT NULL, finished_at TEXT
);
CREATE TABLE IF NOT EXISTS government_export_layouts (
  id TEXT PRIMARY KEY, tenant_id TEXT NOT NULL, authority TEXT NOT NULL, layout_code TEXT NOT NULL,
  version TEXT NOT NULL, effective_from TEXT NOT NULL, effective_until TEXT,
  schema_json TEXT NOT NULL, state TEXT NOT NULL DEFAULT 'active', created_at TEXT NOT NULL,
  UNIQUE(tenant_id, authority, layout_code, version)
);
CREATE TABLE IF NOT EXISTS government_exports (
  id TEXT PRIMARY KEY, tenant_id TEXT NOT NULL, layout_id TEXT NOT NULL REFERENCES government_export_layouts(id),
  reference_period TEXT NOT NULL, state TEXT NOT NULL DEFAULT 'generated', record_count INTEGER NOT NULL DEFAULT 0,
  sha256 TEXT NOT NULL, storage_key TEXT NOT NULL, validation_json TEXT NOT NULL DEFAULT '{}',
  protocol TEXT, created_by TEXT NOT NULL, created_at TEXT NOT NULL
);

CREATE TABLE IF NOT EXISTS contract_templates (
  id TEXT PRIMARY KEY, tenant_id TEXT NOT NULL, contract_type TEXT NOT NULL, name TEXT NOT NULL,
  state TEXT NOT NULL DEFAULT 'draft', current_version INTEGER NOT NULL DEFAULT 1,
  created_at TEXT NOT NULL, updated_at TEXT NOT NULL
);
CREATE TABLE IF NOT EXISTS contract_template_versions (
  id TEXT PRIMARY KEY, tenant_id TEXT NOT NULL, template_id TEXT NOT NULL REFERENCES contract_templates(id),
  version INTEGER NOT NULL, body_text TEXT NOT NULL, variables_json TEXT NOT NULL DEFAULT '[]',
  rules_json TEXT NOT NULL DEFAULT '{}', sha256 TEXT NOT NULL, state TEXT NOT NULL DEFAULT 'draft',
  created_by TEXT NOT NULL, created_at TEXT NOT NULL, UNIQUE(template_id, version)
);
CREATE TABLE IF NOT EXISTS legal_contracts (
  id TEXT PRIMARY KEY, tenant_id TEXT NOT NULL, contract_type TEXT NOT NULL, number TEXT NOT NULL,
  enrollment_id TEXT REFERENCES enrollments(id), financial_contract_id TEXT REFERENCES financial_contracts(id),
  template_version_id TEXT REFERENCES contract_template_versions(id), state TEXT NOT NULL DEFAULT 'draft',
  effective_from TEXT, effective_until TEXT, validation_code TEXT, document_sha256 TEXT, document_storage_key TEXT,
  snapshot_id TEXT, version INTEGER NOT NULL DEFAULT 1, created_by TEXT NOT NULL, updated_by TEXT NOT NULL,
  created_at TEXT NOT NULL, updated_at TEXT NOT NULL, UNIQUE(tenant_id, number)
);
CREATE TABLE IF NOT EXISTS contract_parties (
  id TEXT PRIMARY KEY, tenant_id TEXT NOT NULL, contract_id TEXT NOT NULL REFERENCES legal_contracts(id),
  party_type TEXT NOT NULL, person_id TEXT REFERENCES people(id), legal_name TEXT,
  document_number TEXT, role TEXT NOT NULL, signing_required INTEGER NOT NULL DEFAULT 1,
  signing_order INTEGER NOT NULL DEFAULT 1, created_at TEXT NOT NULL
);
CREATE TABLE IF NOT EXISTS contract_events (
  id TEXT PRIMARY KEY, tenant_id TEXT NOT NULL, contract_id TEXT NOT NULL REFERENCES legal_contracts(id),
  event_type TEXT NOT NULL, payload_json TEXT NOT NULL DEFAULT '{}', actor_id TEXT, reason TEXT,
  created_at TEXT NOT NULL
);

CREATE TABLE IF NOT EXISTS payroll_rules (
  id TEXT PRIMARY KEY, tenant_id TEXT NOT NULL, code TEXT NOT NULL, name TEXT NOT NULL,
  direction TEXT NOT NULL, calculation_type TEXT NOT NULL, basis TEXT NOT NULL,
  value NUMERIC NOT NULL, effective_from TEXT NOT NULL, effective_until TEXT,
  priority INTEGER NOT NULL DEFAULT 100, state TEXT NOT NULL DEFAULT 'active', version INTEGER NOT NULL DEFAULT 1,
  metadata_json TEXT NOT NULL DEFAULT '{}', created_at TEXT NOT NULL, updated_at TEXT NOT NULL,
  UNIQUE(tenant_id, code, version)
);
CREATE TABLE IF NOT EXISTS hr_events (
  id TEXT PRIMARY KEY, tenant_id TEXT NOT NULL, employee_id TEXT NOT NULL REFERENCES employees(id),
  event_type TEXT NOT NULL, starts_on TEXT NOT NULL, ends_on TEXT, payload_json TEXT NOT NULL DEFAULT '{}',
  state TEXT NOT NULL DEFAULT 'active', created_at TEXT NOT NULL, updated_at TEXT NOT NULL
);;

ALTER TABLE users ENABLE ROW LEVEL SECURITY;
ALTER TABLE users FORCE ROW LEVEL SECURITY;
CREATE POLICY pige360_tenant_users ON users USING (tenant_id = current_setting('app.tenant_id', true)) WITH CHECK (tenant_id = current_setting('app.tenant_id', true));
ALTER TABLE refresh_tokens ENABLE ROW LEVEL SECURITY;
ALTER TABLE refresh_tokens FORCE ROW LEVEL SECURITY;
CREATE POLICY pige360_tenant_refresh_tokens ON refresh_tokens USING (tenant_id = current_setting('app.tenant_id', true)) WITH CHECK (tenant_id = current_setting('app.tenant_id', true));
ALTER TABLE audit_log ENABLE ROW LEVEL SECURITY;
ALTER TABLE audit_log FORCE ROW LEVEL SECURITY;
CREATE POLICY pige360_tenant_audit_log ON audit_log USING (tenant_id = current_setting('app.tenant_id', true)) WITH CHECK (tenant_id = current_setting('app.tenant_id', true));
ALTER TABLE outbox_events ENABLE ROW LEVEL SECURITY;
ALTER TABLE outbox_events FORCE ROW LEVEL SECURITY;
CREATE POLICY pige360_tenant_outbox_events ON outbox_events USING (tenant_id = current_setting('app.tenant_id', true)) WITH CHECK (tenant_id = current_setting('app.tenant_id', true));
ALTER TABLE brand_kits ENABLE ROW LEVEL SECURITY;
ALTER TABLE brand_kits FORCE ROW LEVEL SECURITY;
CREATE POLICY pige360_tenant_brand_kits ON brand_kits USING (tenant_id = current_setting('app.tenant_id', true)) WITH CHECK (tenant_id = current_setting('app.tenant_id', true));
ALTER TABLE brand_versions ENABLE ROW LEVEL SECURITY;
ALTER TABLE brand_versions FORCE ROW LEVEL SECURITY;
CREATE POLICY pige360_tenant_brand_versions ON brand_versions USING (tenant_id = current_setting('app.tenant_id', true)) WITH CHECK (tenant_id = current_setting('app.tenant_id', true));
ALTER TABLE brand_assets ENABLE ROW LEVEL SECURITY;
ALTER TABLE brand_assets FORCE ROW LEVEL SECURITY;
CREATE POLICY pige360_tenant_brand_assets ON brand_assets USING (tenant_id = current_setting('app.tenant_id', true)) WITH CHECK (tenant_id = current_setting('app.tenant_id', true));
ALTER TABLE tenant_app_manifests ENABLE ROW LEVEL SECURITY;
ALTER TABLE tenant_app_manifests FORCE ROW LEVEL SECURITY;
CREATE POLICY pige360_tenant_tenant_app_manifests ON tenant_app_manifests USING (tenant_id = current_setting('app.tenant_id', true)) WITH CHECK (tenant_id = current_setting('app.tenant_id', true));
ALTER TABLE app_build_requests ENABLE ROW LEVEL SECURITY;
ALTER TABLE app_build_requests FORCE ROW LEVEL SECURITY;
CREATE POLICY pige360_tenant_app_build_requests ON app_build_requests USING (tenant_id = current_setting('app.tenant_id', true)) WITH CHECK (tenant_id = current_setting('app.tenant_id', true));
ALTER TABLE teaching_plans ENABLE ROW LEVEL SECURITY;
ALTER TABLE teaching_plans FORCE ROW LEVEL SECURITY;
CREATE POLICY pige360_tenant_teaching_plans ON teaching_plans USING (tenant_id = current_setting('app.tenant_id', true)) WITH CHECK (tenant_id = current_setting('app.tenant_id', true));
ALTER TABLE teaching_plan_versions ENABLE ROW LEVEL SECURITY;
ALTER TABLE teaching_plan_versions FORCE ROW LEVEL SECURITY;
CREATE POLICY pige360_tenant_teaching_plan_versions ON teaching_plan_versions USING (tenant_id = current_setting('app.tenant_id', true)) WITH CHECK (tenant_id = current_setting('app.tenant_id', true));
ALTER TABLE teaching_plan_approvals ENABLE ROW LEVEL SECURITY;
ALTER TABLE teaching_plan_approvals FORCE ROW LEVEL SECURITY;
CREATE POLICY pige360_tenant_teaching_plan_approvals ON teaching_plan_approvals USING (tenant_id = current_setting('app.tenant_id', true)) WITH CHECK (tenant_id = current_setting('app.tenant_id', true));
ALTER TABLE lesson_plans ENABLE ROW LEVEL SECURITY;
ALTER TABLE lesson_plans FORCE ROW LEVEL SECURITY;
CREATE POLICY pige360_tenant_lesson_plans ON lesson_plans USING (tenant_id = current_setting('app.tenant_id', true)) WITH CHECK (tenant_id = current_setting('app.tenant_id', true));
ALTER TABLE lesson_plan_versions ENABLE ROW LEVEL SECURITY;
ALTER TABLE lesson_plan_versions FORCE ROW LEVEL SECURITY;
CREATE POLICY pige360_tenant_lesson_plan_versions ON lesson_plan_versions USING (tenant_id = current_setting('app.tenant_id', true)) WITH CHECK (tenant_id = current_setting('app.tenant_id', true));
ALTER TABLE lesson_plan_execution_records ENABLE ROW LEVEL SECURITY;
ALTER TABLE lesson_plan_execution_records FORCE ROW LEVEL SECURITY;
CREATE POLICY pige360_tenant_lesson_plan_execution_records ON lesson_plan_execution_records USING (tenant_id = current_setting('app.tenant_id', true)) WITH CHECK (tenant_id = current_setting('app.tenant_id', true));
ALTER TABLE attendance_policies ENABLE ROW LEVEL SECURITY;
ALTER TABLE attendance_policies FORCE ROW LEVEL SECURITY;
CREATE POLICY pige360_tenant_attendance_policies ON attendance_policies USING (tenant_id = current_setting('app.tenant_id', true)) WITH CHECK (tenant_id = current_setting('app.tenant_id', true));
ALTER TABLE attendance_policy_versions ENABLE ROW LEVEL SECURITY;
ALTER TABLE attendance_policy_versions FORCE ROW LEVEL SECURITY;
CREATE POLICY pige360_tenant_attendance_policy_versions ON attendance_policy_versions USING (tenant_id = current_setting('app.tenant_id', true)) WITH CHECK (tenant_id = current_setting('app.tenant_id', true));
ALTER TABLE class_sessions ENABLE ROW LEVEL SECURITY;
ALTER TABLE class_sessions FORCE ROW LEVEL SECURITY;
CREATE POLICY pige360_tenant_class_sessions ON class_sessions USING (tenant_id = current_setting('app.tenant_id', true)) WITH CHECK (tenant_id = current_setting('app.tenant_id', true));
ALTER TABLE attendance_calls ENABLE ROW LEVEL SECURITY;
ALTER TABLE attendance_calls FORCE ROW LEVEL SECURITY;
CREATE POLICY pige360_tenant_attendance_calls ON attendance_calls USING (tenant_id = current_setting('app.tenant_id', true)) WITH CHECK (tenant_id = current_setting('app.tenant_id', true));
ALTER TABLE attendance_call_versions ENABLE ROW LEVEL SECURITY;
ALTER TABLE attendance_call_versions FORCE ROW LEVEL SECURITY;
CREATE POLICY pige360_tenant_attendance_call_versions ON attendance_call_versions USING (tenant_id = current_setting('app.tenant_id', true)) WITH CHECK (tenant_id = current_setting('app.tenant_id', true));
ALTER TABLE attendance_records ENABLE ROW LEVEL SECURITY;
ALTER TABLE attendance_records FORCE ROW LEVEL SECURITY;
CREATE POLICY pige360_tenant_attendance_records ON attendance_records USING (tenant_id = current_setting('app.tenant_id', true)) WITH CHECK (tenant_id = current_setting('app.tenant_id', true));
ALTER TABLE attendance_record_events ENABLE ROW LEVEL SECURITY;
ALTER TABLE attendance_record_events FORCE ROW LEVEL SECURITY;
CREATE POLICY pige360_tenant_attendance_record_events ON attendance_record_events USING (tenant_id = current_setting('app.tenant_id', true)) WITH CHECK (tenant_id = current_setting('app.tenant_id', true));
ALTER TABLE attendance_justifications ENABLE ROW LEVEL SECURITY;
ALTER TABLE attendance_justifications FORCE ROW LEVEL SECURITY;
CREATE POLICY pige360_tenant_attendance_justifications ON attendance_justifications USING (tenant_id = current_setting('app.tenant_id', true)) WITH CHECK (tenant_id = current_setting('app.tenant_id', true));
ALTER TABLE attendance_corrections ENABLE ROW LEVEL SECURITY;
ALTER TABLE attendance_corrections FORCE ROW LEVEL SECURITY;
CREATE POLICY pige360_tenant_attendance_corrections ON attendance_corrections USING (tenant_id = current_setting('app.tenant_id', true)) WITH CHECK (tenant_id = current_setting('app.tenant_id', true));
ALTER TABLE contract_snapshots ENABLE ROW LEVEL SECURITY;
ALTER TABLE contract_snapshots FORCE ROW LEVEL SECURITY;
CREATE POLICY pige360_tenant_contract_snapshots ON contract_snapshots USING (tenant_id = current_setting('app.tenant_id', true)) WITH CHECK (tenant_id = current_setting('app.tenant_id', true));
ALTER TABLE signature_envelopes ENABLE ROW LEVEL SECURITY;
ALTER TABLE signature_envelopes FORCE ROW LEVEL SECURITY;
CREATE POLICY pige360_tenant_signature_envelopes ON signature_envelopes USING (tenant_id = current_setting('app.tenant_id', true)) WITH CHECK (tenant_id = current_setting('app.tenant_id', true));
ALTER TABLE tenant_app_entitlements ENABLE ROW LEVEL SECURITY;
ALTER TABLE tenant_app_entitlements FORCE ROW LEVEL SECURITY;
CREATE POLICY pige360_tenant_tenant_app_entitlements ON tenant_app_entitlements USING (tenant_id = current_setting('app.tenant_id', true)) WITH CHECK (tenant_id = current_setting('app.tenant_id', true));
ALTER TABLE app_build_jobs ENABLE ROW LEVEL SECURITY;
ALTER TABLE app_build_jobs FORCE ROW LEVEL SECURITY;
CREATE POLICY pige360_tenant_app_build_jobs ON app_build_jobs USING (tenant_id = current_setting('app.tenant_id', true)) WITH CHECK (tenant_id = current_setting('app.tenant_id', true));
ALTER TABLE app_build_artifacts ENABLE ROW LEVEL SECURITY;
ALTER TABLE app_build_artifacts FORCE ROW LEVEL SECURITY;
CREATE POLICY pige360_tenant_app_build_artifacts ON app_build_artifacts USING (tenant_id = current_setting('app.tenant_id', true)) WITH CHECK (tenant_id = current_setting('app.tenant_id', true));
ALTER TABLE app_releases ENABLE ROW LEVEL SECURITY;
ALTER TABLE app_releases FORCE ROW LEVEL SECURITY;
CREATE POLICY pige360_tenant_app_releases ON app_releases USING (tenant_id = current_setting('app.tenant_id', true)) WITH CHECK (tenant_id = current_setting('app.tenant_id', true));
ALTER TABLE app_release_artifacts ENABLE ROW LEVEL SECURITY;
ALTER TABLE app_release_artifacts FORCE ROW LEVEL SECURITY;
CREATE POLICY pige360_tenant_app_release_artifacts ON app_release_artifacts USING (tenant_id = current_setting('app.tenant_id', true)) WITH CHECK (tenant_id = current_setting('app.tenant_id', true));
ALTER TABLE app_download_events ENABLE ROW LEVEL SECURITY;
ALTER TABLE app_download_events FORCE ROW LEVEL SECURITY;
CREATE POLICY pige360_tenant_app_download_events ON app_download_events USING (tenant_id = current_setting('app.tenant_id', true)) WITH CHECK (tenant_id = current_setting('app.tenant_id', true));
ALTER TABLE institutions ENABLE ROW LEVEL SECURITY;
ALTER TABLE institutions FORCE ROW LEVEL SECURITY;
CREATE POLICY pige360_tenant_institutions ON institutions USING (tenant_id = current_setting('app.tenant_id', true)) WITH CHECK (tenant_id = current_setting('app.tenant_id', true));
ALTER TABLE units ENABLE ROW LEVEL SECURITY;
ALTER TABLE units FORCE ROW LEVEL SECURITY;
CREATE POLICY pige360_tenant_units ON units USING (tenant_id = current_setting('app.tenant_id', true)) WITH CHECK (tenant_id = current_setting('app.tenant_id', true));
ALTER TABLE academic_years ENABLE ROW LEVEL SECURITY;
ALTER TABLE academic_years FORCE ROW LEVEL SECURITY;
CREATE POLICY pige360_tenant_academic_years ON academic_years USING (tenant_id = current_setting('app.tenant_id', true)) WITH CHECK (tenant_id = current_setting('app.tenant_id', true));
ALTER TABLE programs ENABLE ROW LEVEL SECURITY;
ALTER TABLE programs FORCE ROW LEVEL SECURITY;
CREATE POLICY pige360_tenant_programs ON programs USING (tenant_id = current_setting('app.tenant_id', true)) WITH CHECK (tenant_id = current_setting('app.tenant_id', true));
ALTER TABLE curricula ENABLE ROW LEVEL SECURITY;
ALTER TABLE curricula FORCE ROW LEVEL SECURITY;
CREATE POLICY pige360_tenant_curricula ON curricula USING (tenant_id = current_setting('app.tenant_id', true)) WITH CHECK (tenant_id = current_setting('app.tenant_id', true));
ALTER TABLE curriculum_components ENABLE ROW LEVEL SECURITY;
ALTER TABLE curriculum_components FORCE ROW LEVEL SECURITY;
CREATE POLICY pige360_tenant_curriculum_components ON curriculum_components USING (tenant_id = current_setting('app.tenant_id', true)) WITH CHECK (tenant_id = current_setting('app.tenant_id', true));
ALTER TABLE class_groups ENABLE ROW LEVEL SECURITY;
ALTER TABLE class_groups FORCE ROW LEVEL SECURITY;
CREATE POLICY pige360_tenant_class_groups ON class_groups USING (tenant_id = current_setting('app.tenant_id', true)) WITH CHECK (tenant_id = current_setting('app.tenant_id', true));
ALTER TABLE people ENABLE ROW LEVEL SECURITY;
ALTER TABLE people FORCE ROW LEVEL SECURITY;
CREATE POLICY pige360_tenant_people ON people USING (tenant_id = current_setting('app.tenant_id', true)) WITH CHECK (tenant_id = current_setting('app.tenant_id', true));
ALTER TABLE students ENABLE ROW LEVEL SECURITY;
ALTER TABLE students FORCE ROW LEVEL SECURITY;
CREATE POLICY pige360_tenant_students ON students USING (tenant_id = current_setting('app.tenant_id', true)) WITH CHECK (tenant_id = current_setting('app.tenant_id', true));
ALTER TABLE guardians ENABLE ROW LEVEL SECURITY;
ALTER TABLE guardians FORCE ROW LEVEL SECURITY;
CREATE POLICY pige360_tenant_guardians ON guardians USING (tenant_id = current_setting('app.tenant_id', true)) WITH CHECK (tenant_id = current_setting('app.tenant_id', true));
ALTER TABLE guardian_students ENABLE ROW LEVEL SECURITY;
ALTER TABLE guardian_students FORCE ROW LEVEL SECURITY;
CREATE POLICY pige360_tenant_guardian_students ON guardian_students USING (tenant_id = current_setting('app.tenant_id', true)) WITH CHECK (tenant_id = current_setting('app.tenant_id', true));
ALTER TABLE employees ENABLE ROW LEVEL SECURITY;
ALTER TABLE employees FORCE ROW LEVEL SECURITY;
CREATE POLICY pige360_tenant_employees ON employees USING (tenant_id = current_setting('app.tenant_id', true)) WITH CHECK (tenant_id = current_setting('app.tenant_id', true));
ALTER TABLE teacher_assignments ENABLE ROW LEVEL SECURITY;
ALTER TABLE teacher_assignments FORCE ROW LEVEL SECURITY;
CREATE POLICY pige360_tenant_teacher_assignments ON teacher_assignments USING (tenant_id = current_setting('app.tenant_id', true)) WITH CHECK (tenant_id = current_setting('app.tenant_id', true));
ALTER TABLE admission_candidates ENABLE ROW LEVEL SECURITY;
ALTER TABLE admission_candidates FORCE ROW LEVEL SECURITY;
CREATE POLICY pige360_tenant_admission_candidates ON admission_candidates USING (tenant_id = current_setting('app.tenant_id', true)) WITH CHECK (tenant_id = current_setting('app.tenant_id', true));
ALTER TABLE enrollments ENABLE ROW LEVEL SECURITY;
ALTER TABLE enrollments FORCE ROW LEVEL SECURITY;
CREATE POLICY pige360_tenant_enrollments ON enrollments USING (tenant_id = current_setting('app.tenant_id', true)) WITH CHECK (tenant_id = current_setting('app.tenant_id', true));
ALTER TABLE financial_contracts ENABLE ROW LEVEL SECURITY;
ALTER TABLE financial_contracts FORCE ROW LEVEL SECURITY;
CREATE POLICY pige360_tenant_financial_contracts ON financial_contracts USING (tenant_id = current_setting('app.tenant_id', true)) WITH CHECK (tenant_id = current_setting('app.tenant_id', true));
ALTER TABLE installments ENABLE ROW LEVEL SECURITY;
ALTER TABLE installments FORCE ROW LEVEL SECURITY;
CREATE POLICY pige360_tenant_installments ON installments USING (tenant_id = current_setting('app.tenant_id', true)) WITH CHECK (tenant_id = current_setting('app.tenant_id', true));
ALTER TABLE payments ENABLE ROW LEVEL SECURITY;
ALTER TABLE payments FORCE ROW LEVEL SECURITY;
CREATE POLICY pige360_tenant_payments ON payments USING (tenant_id = current_setting('app.tenant_id', true)) WITH CHECK (tenant_id = current_setting('app.tenant_id', true));
ALTER TABLE payment_allocations ENABLE ROW LEVEL SECURITY;
ALTER TABLE payment_allocations FORCE ROW LEVEL SECURITY;
CREATE POLICY pige360_tenant_payment_allocations ON payment_allocations USING (tenant_id = current_setting('app.tenant_id', true)) WITH CHECK (tenant_id = current_setting('app.tenant_id', true));
ALTER TABLE ledger_entries ENABLE ROW LEVEL SECURITY;
ALTER TABLE ledger_entries FORCE ROW LEVEL SECURITY;
CREATE POLICY pige360_tenant_ledger_entries ON ledger_entries USING (tenant_id = current_setting('app.tenant_id', true)) WITH CHECK (tenant_id = current_setting('app.tenant_id', true));
ALTER TABLE bank_accounts ENABLE ROW LEVEL SECURITY;
ALTER TABLE bank_accounts FORCE ROW LEVEL SECURITY;
CREATE POLICY pige360_tenant_bank_accounts ON bank_accounts USING (tenant_id = current_setting('app.tenant_id', true)) WITH CHECK (tenant_id = current_setting('app.tenant_id', true));
ALTER TABLE pix_charges ENABLE ROW LEVEL SECURITY;
ALTER TABLE pix_charges FORCE ROW LEVEL SECURITY;
CREATE POLICY pige360_tenant_pix_charges ON pix_charges USING (tenant_id = current_setting('app.tenant_id', true)) WITH CHECK (tenant_id = current_setting('app.tenant_id', true));
ALTER TABLE bank_imports ENABLE ROW LEVEL SECURITY;
ALTER TABLE bank_imports FORCE ROW LEVEL SECURITY;
CREATE POLICY pige360_tenant_bank_imports ON bank_imports USING (tenant_id = current_setting('app.tenant_id', true)) WITH CHECK (tenant_id = current_setting('app.tenant_id', true));
ALTER TABLE bank_transactions ENABLE ROW LEVEL SECURITY;
ALTER TABLE bank_transactions FORCE ROW LEVEL SECURITY;
CREATE POLICY pige360_tenant_bank_transactions ON bank_transactions USING (tenant_id = current_setting('app.tenant_id', true)) WITH CHECK (tenant_id = current_setting('app.tenant_id', true));
ALTER TABLE services ENABLE ROW LEVEL SECURITY;
ALTER TABLE services FORCE ROW LEVEL SECURITY;
CREATE POLICY pige360_tenant_services ON services USING (tenant_id = current_setting('app.tenant_id', true)) WITH CHECK (tenant_id = current_setting('app.tenant_id', true));
ALTER TABLE service_orders ENABLE ROW LEVEL SECURITY;
ALTER TABLE service_orders FORCE ROW LEVEL SECURITY;
CREATE POLICY pige360_tenant_service_orders ON service_orders USING (tenant_id = current_setting('app.tenant_id', true)) WITH CHECK (tenant_id = current_setting('app.tenant_id', true));
ALTER TABLE service_order_items ENABLE ROW LEVEL SECURITY;
ALTER TABLE service_order_items FORCE ROW LEVEL SECURITY;
CREATE POLICY pige360_tenant_service_order_items ON service_order_items USING (tenant_id = current_setting('app.tenant_id', true)) WITH CHECK (tenant_id = current_setting('app.tenant_id', true));
ALTER TABLE products ENABLE ROW LEVEL SECURITY;
ALTER TABLE products FORCE ROW LEVEL SECURITY;
CREATE POLICY pige360_tenant_products ON products USING (tenant_id = current_setting('app.tenant_id', true)) WITH CHECK (tenant_id = current_setting('app.tenant_id', true));
ALTER TABLE stock_balances ENABLE ROW LEVEL SECURITY;
ALTER TABLE stock_balances FORCE ROW LEVEL SECURITY;
CREATE POLICY pige360_tenant_stock_balances ON stock_balances USING (tenant_id = current_setting('app.tenant_id', true)) WITH CHECK (tenant_id = current_setting('app.tenant_id', true));
ALTER TABLE stock_movements ENABLE ROW LEVEL SECURITY;
ALTER TABLE stock_movements FORCE ROW LEVEL SECURITY;
CREATE POLICY pige360_tenant_stock_movements ON stock_movements USING (tenant_id = current_setting('app.tenant_id', true)) WITH CHECK (tenant_id = current_setting('app.tenant_id', true));
ALTER TABLE cash_sessions ENABLE ROW LEVEL SECURITY;
ALTER TABLE cash_sessions FORCE ROW LEVEL SECURITY;
CREATE POLICY pige360_tenant_cash_sessions ON cash_sessions USING (tenant_id = current_setting('app.tenant_id', true)) WITH CHECK (tenant_id = current_setting('app.tenant_id', true));
ALTER TABLE sales ENABLE ROW LEVEL SECURITY;
ALTER TABLE sales FORCE ROW LEVEL SECURITY;
CREATE POLICY pige360_tenant_sales ON sales USING (tenant_id = current_setting('app.tenant_id', true)) WITH CHECK (tenant_id = current_setting('app.tenant_id', true));
ALTER TABLE sale_items ENABLE ROW LEVEL SECURITY;
ALTER TABLE sale_items FORCE ROW LEVEL SECURITY;
CREATE POLICY pige360_tenant_sale_items ON sale_items USING (tenant_id = current_setting('app.tenant_id', true)) WITH CHECK (tenant_id = current_setting('app.tenant_id', true));
ALTER TABLE sale_payments ENABLE ROW LEVEL SECURITY;
ALTER TABLE sale_payments FORCE ROW LEVEL SECURITY;
CREATE POLICY pige360_tenant_sale_payments ON sale_payments USING (tenant_id = current_setting('app.tenant_id', true)) WITH CHECK (tenant_id = current_setting('app.tenant_id', true));
ALTER TABLE suppliers ENABLE ROW LEVEL SECURITY;
ALTER TABLE suppliers FORCE ROW LEVEL SECURITY;
CREATE POLICY pige360_tenant_suppliers ON suppliers USING (tenant_id = current_setting('app.tenant_id', true)) WITH CHECK (tenant_id = current_setting('app.tenant_id', true));
ALTER TABLE purchase_orders ENABLE ROW LEVEL SECURITY;
ALTER TABLE purchase_orders FORCE ROW LEVEL SECURITY;
CREATE POLICY pige360_tenant_purchase_orders ON purchase_orders USING (tenant_id = current_setting('app.tenant_id', true)) WITH CHECK (tenant_id = current_setting('app.tenant_id', true));
ALTER TABLE purchase_order_items ENABLE ROW LEVEL SECURITY;
ALTER TABLE purchase_order_items FORCE ROW LEVEL SECURITY;
CREATE POLICY pige360_tenant_purchase_order_items ON purchase_order_items USING (tenant_id = current_setting('app.tenant_id', true)) WITH CHECK (tenant_id = current_setting('app.tenant_id', true));
ALTER TABLE assets ENABLE ROW LEVEL SECURITY;
ALTER TABLE assets FORCE ROW LEVEL SECURITY;
CREATE POLICY pige360_tenant_assets ON assets USING (tenant_id = current_setting('app.tenant_id', true)) WITH CHECK (tenant_id = current_setting('app.tenant_id', true));
ALTER TABLE fiscal_profiles ENABLE ROW LEVEL SECURITY;
ALTER TABLE fiscal_profiles FORCE ROW LEVEL SECURITY;
CREATE POLICY pige360_tenant_fiscal_profiles ON fiscal_profiles USING (tenant_id = current_setting('app.tenant_id', true)) WITH CHECK (tenant_id = current_setting('app.tenant_id', true));
ALTER TABLE fiscal_rules ENABLE ROW LEVEL SECURITY;
ALTER TABLE fiscal_rules FORCE ROW LEVEL SECURITY;
CREATE POLICY pige360_tenant_fiscal_rules ON fiscal_rules USING (tenant_id = current_setting('app.tenant_id', true)) WITH CHECK (tenant_id = current_setting('app.tenant_id', true));
ALTER TABLE fiscal_documents ENABLE ROW LEVEL SECURITY;
ALTER TABLE fiscal_documents FORCE ROW LEVEL SECURITY;
CREATE POLICY pige360_tenant_fiscal_documents ON fiscal_documents USING (tenant_id = current_setting('app.tenant_id', true)) WITH CHECK (tenant_id = current_setting('app.tenant_id', true));
ALTER TABLE employment_contracts ENABLE ROW LEVEL SECURITY;
ALTER TABLE employment_contracts FORCE ROW LEVEL SECURITY;
CREATE POLICY pige360_tenant_employment_contracts ON employment_contracts USING (tenant_id = current_setting('app.tenant_id', true)) WITH CHECK (tenant_id = current_setting('app.tenant_id', true));
ALTER TABLE payroll_runs ENABLE ROW LEVEL SECURITY;
ALTER TABLE payroll_runs FORCE ROW LEVEL SECURITY;
CREATE POLICY pige360_tenant_payroll_runs ON payroll_runs USING (tenant_id = current_setting('app.tenant_id', true)) WITH CHECK (tenant_id = current_setting('app.tenant_id', true));
ALTER TABLE payroll_entries ENABLE ROW LEVEL SECURITY;
ALTER TABLE payroll_entries FORCE ROW LEVEL SECURITY;
CREATE POLICY pige360_tenant_payroll_entries ON payroll_entries USING (tenant_id = current_setting('app.tenant_id', true)) WITH CHECK (tenant_id = current_setting('app.tenant_id', true));
ALTER TABLE time_entries ENABLE ROW LEVEL SECURITY;
ALTER TABLE time_entries FORCE ROW LEVEL SECURITY;
CREATE POLICY pige360_tenant_time_entries ON time_entries USING (tenant_id = current_setting('app.tenant_id', true)) WITH CHECK (tenant_id = current_setting('app.tenant_id', true));
ALTER TABLE events ENABLE ROW LEVEL SECURITY;
ALTER TABLE events FORCE ROW LEVEL SECURITY;
CREATE POLICY pige360_tenant_events ON events USING (tenant_id = current_setting('app.tenant_id', true)) WITH CHECK (tenant_id = current_setting('app.tenant_id', true));
ALTER TABLE trips ENABLE ROW LEVEL SECURITY;
ALTER TABLE trips FORCE ROW LEVEL SECURITY;
CREATE POLICY pige360_tenant_trips ON trips USING (tenant_id = current_setting('app.tenant_id', true)) WITH CHECK (tenant_id = current_setting('app.tenant_id', true));
ALTER TABLE notices ENABLE ROW LEVEL SECURITY;
ALTER TABLE notices FORCE ROW LEVEL SECURITY;
CREATE POLICY pige360_tenant_notices ON notices USING (tenant_id = current_setting('app.tenant_id', true)) WITH CHECK (tenant_id = current_setting('app.tenant_id', true));
ALTER TABLE service_requests ENABLE ROW LEVEL SECURITY;
ALTER TABLE service_requests FORCE ROW LEVEL SECURITY;
CREATE POLICY pige360_tenant_service_requests ON service_requests USING (tenant_id = current_setting('app.tenant_id', true)) WITH CHECK (tenant_id = current_setting('app.tenant_id', true));
ALTER TABLE automation_rules ENABLE ROW LEVEL SECURITY;
ALTER TABLE automation_rules FORCE ROW LEVEL SECURITY;
CREATE POLICY pige360_tenant_automation_rules ON automation_rules USING (tenant_id = current_setting('app.tenant_id', true)) WITH CHECK (tenant_id = current_setting('app.tenant_id', true));
ALTER TABLE automation_executions ENABLE ROW LEVEL SECURITY;
ALTER TABLE automation_executions FORCE ROW LEVEL SECURITY;
CREATE POLICY pige360_tenant_automation_executions ON automation_executions USING (tenant_id = current_setting('app.tenant_id', true)) WITH CHECK (tenant_id = current_setting('app.tenant_id', true));
ALTER TABLE notifications ENABLE ROW LEVEL SECURITY;
ALTER TABLE notifications FORCE ROW LEVEL SECURITY;
CREATE POLICY pige360_tenant_notifications ON notifications USING (tenant_id = current_setting('app.tenant_id', true)) WITH CHECK (tenant_id = current_setting('app.tenant_id', true));
ALTER TABLE library_items ENABLE ROW LEVEL SECURITY;
ALTER TABLE library_items FORCE ROW LEVEL SECURITY;
CREATE POLICY pige360_tenant_library_items ON library_items USING (tenant_id = current_setting('app.tenant_id', true)) WITH CHECK (tenant_id = current_setting('app.tenant_id', true));
ALTER TABLE library_loans ENABLE ROW LEVEL SECURITY;
ALTER TABLE library_loans FORCE ROW LEVEL SECURITY;
CREATE POLICY pige360_tenant_library_loans ON library_loans USING (tenant_id = current_setting('app.tenant_id', true)) WITH CHECK (tenant_id = current_setting('app.tenant_id', true));
ALTER TABLE transport_routes ENABLE ROW LEVEL SECURITY;
ALTER TABLE transport_routes FORCE ROW LEVEL SECURITY;
CREATE POLICY pige360_tenant_transport_routes ON transport_routes USING (tenant_id = current_setting('app.tenant_id', true)) WITH CHECK (tenant_id = current_setting('app.tenant_id', true));
ALTER TABLE transport_riders ENABLE ROW LEVEL SECURITY;
ALTER TABLE transport_riders FORCE ROW LEVEL SECURITY;
CREATE POLICY pige360_tenant_transport_riders ON transport_riders USING (tenant_id = current_setting('app.tenant_id', true)) WITH CHECK (tenant_id = current_setting('app.tenant_id', true));
ALTER TABLE health_records ENABLE ROW LEVEL SECURITY;
ALTER TABLE health_records FORCE ROW LEVEL SECURITY;
CREATE POLICY pige360_tenant_health_records ON health_records USING (tenant_id = current_setting('app.tenant_id', true)) WITH CHECK (tenant_id = current_setting('app.tenant_id', true));
ALTER TABLE health_access_log ENABLE ROW LEVEL SECURITY;
ALTER TABLE health_access_log FORCE ROW LEVEL SECURITY;
CREATE POLICY pige360_tenant_health_access_log ON health_access_log USING (tenant_id = current_setting('app.tenant_id', true)) WITH CHECK (tenant_id = current_setting('app.tenant_id', true));
ALTER TABLE documents ENABLE ROW LEVEL SECURITY;
ALTER TABLE documents FORCE ROW LEVEL SECURITY;
CREATE POLICY pige360_tenant_documents ON documents USING (tenant_id = current_setting('app.tenant_id', true)) WITH CHECK (tenant_id = current_setting('app.tenant_id', true));
ALTER TABLE integration_connections ENABLE ROW LEVEL SECURITY;
ALTER TABLE integration_connections FORCE ROW LEVEL SECURITY;
CREATE POLICY pige360_tenant_integration_connections ON integration_connections USING (tenant_id = current_setting('app.tenant_id', true)) WITH CHECK (tenant_id = current_setting('app.tenant_id', true));
ALTER TABLE integration_runs ENABLE ROW LEVEL SECURITY;
ALTER TABLE integration_runs FORCE ROW LEVEL SECURITY;
CREATE POLICY pige360_tenant_integration_runs ON integration_runs USING (tenant_id = current_setting('app.tenant_id', true)) WITH CHECK (tenant_id = current_setting('app.tenant_id', true));
ALTER TABLE government_export_layouts ENABLE ROW LEVEL SECURITY;
ALTER TABLE government_export_layouts FORCE ROW LEVEL SECURITY;
CREATE POLICY pige360_tenant_government_export_layouts ON government_export_layouts USING (tenant_id = current_setting('app.tenant_id', true)) WITH CHECK (tenant_id = current_setting('app.tenant_id', true));
ALTER TABLE government_exports ENABLE ROW LEVEL SECURITY;
ALTER TABLE government_exports FORCE ROW LEVEL SECURITY;
CREATE POLICY pige360_tenant_government_exports ON government_exports USING (tenant_id = current_setting('app.tenant_id', true)) WITH CHECK (tenant_id = current_setting('app.tenant_id', true));
ALTER TABLE contract_templates ENABLE ROW LEVEL SECURITY;
ALTER TABLE contract_templates FORCE ROW LEVEL SECURITY;
CREATE POLICY pige360_tenant_contract_templates ON contract_templates USING (tenant_id = current_setting('app.tenant_id', true)) WITH CHECK (tenant_id = current_setting('app.tenant_id', true));
ALTER TABLE contract_template_versions ENABLE ROW LEVEL SECURITY;
ALTER TABLE contract_template_versions FORCE ROW LEVEL SECURITY;
CREATE POLICY pige360_tenant_contract_template_versions ON contract_template_versions USING (tenant_id = current_setting('app.tenant_id', true)) WITH CHECK (tenant_id = current_setting('app.tenant_id', true));
ALTER TABLE legal_contracts ENABLE ROW LEVEL SECURITY;
ALTER TABLE legal_contracts FORCE ROW LEVEL SECURITY;
CREATE POLICY pige360_tenant_legal_contracts ON legal_contracts USING (tenant_id = current_setting('app.tenant_id', true)) WITH CHECK (tenant_id = current_setting('app.tenant_id', true));
ALTER TABLE contract_parties ENABLE ROW LEVEL SECURITY;
ALTER TABLE contract_parties FORCE ROW LEVEL SECURITY;
CREATE POLICY pige360_tenant_contract_parties ON contract_parties USING (tenant_id = current_setting('app.tenant_id', true)) WITH CHECK (tenant_id = current_setting('app.tenant_id', true));
ALTER TABLE contract_events ENABLE ROW LEVEL SECURITY;
ALTER TABLE contract_events FORCE ROW LEVEL SECURITY;
CREATE POLICY pige360_tenant_contract_events ON contract_events USING (tenant_id = current_setting('app.tenant_id', true)) WITH CHECK (tenant_id = current_setting('app.tenant_id', true));
ALTER TABLE payroll_rules ENABLE ROW LEVEL SECURITY;
ALTER TABLE payroll_rules FORCE ROW LEVEL SECURITY;
CREATE POLICY pige360_tenant_payroll_rules ON payroll_rules USING (tenant_id = current_setting('app.tenant_id', true)) WITH CHECK (tenant_id = current_setting('app.tenant_id', true));
ALTER TABLE hr_events ENABLE ROW LEVEL SECURITY;
ALTER TABLE hr_events FORCE ROW LEVEL SECURITY;
CREATE POLICY pige360_tenant_hr_events ON hr_events USING (tenant_id = current_setting('app.tenant_id', true)) WITH CHECK (tenant_id = current_setting('app.tenant_id', true));;

INSERT INTO alembic_version (version_num) VALUES ('0001_tenant') RETURNING alembic_version.version_num;

COMMIT;

BEGIN;

INFO  [alembic.runtime.migration] Running upgrade 0001_tenant -> 0002_guardian_link_audit, Adiciona updated_at auditável aos vínculos responsável-aluno.
-- Running upgrade 0001_tenant -> 0002_guardian_link_audit

ALTER TABLE guardian_students ADD COLUMN IF NOT EXISTS updated_at TEXT;

UPDATE guardian_students SET updated_at=created_at WHERE updated_at IS NULL;

ALTER TABLE guardian_students ALTER COLUMN updated_at SET NOT NULL;

UPDATE alembic_version SET version_num='0002_guardian_link_audit' WHERE alembic_version.version_num = '0001_tenant';

COMMIT;

BEGIN;

INFO  [alembic.runtime.migration] Running upgrade 0002_guardian_link_audit -> 0003_academic_periods, Períodos acadêmicos reais e compatibilidade com planos alpha.
-- Running upgrade 0002_guardian_link_audit -> 0003_academic_periods

CREATE TABLE IF NOT EXISTS academic_periods (
      id TEXT PRIMARY KEY,
      tenant_id TEXT NOT NULL,
      academic_year_id TEXT NOT NULL REFERENCES academic_years(id),
      name TEXT NOT NULL,
      period_type TEXT NOT NULL,
      sequence INTEGER NOT NULL DEFAULT 1,
      starts_on TEXT NOT NULL,
      ends_on TEXT NOT NULL,
      state TEXT NOT NULL DEFAULT 'active',
      version INTEGER NOT NULL DEFAULT 1,
      created_at TEXT NOT NULL,
      updated_at TEXT NOT NULL,
      UNIQUE(tenant_id, academic_year_id, period_type, sequence)
    );

INSERT INTO academic_periods(id,tenant_id,academic_year_id,name,period_type,sequence,starts_on,ends_on,state,version,created_at,updated_at)
    SELECT ay.id,ay.tenant_id,ay.id,ay.name || ' — Anual','annual',1,ay.starts_on,ay.ends_on,'active',1,ay.created_at,ay.updated_at
      FROM academic_years ay
     WHERE NOT EXISTS (SELECT 1 FROM academic_periods ap WHERE ap.id=ay.id);

CREATE INDEX IF NOT EXISTS ix_academic_periods_dates ON academic_periods(tenant_id, academic_year_id, starts_on, ends_on);

ALTER TABLE academic_periods ENABLE ROW LEVEL SECURITY;

ALTER TABLE academic_periods FORCE ROW LEVEL SECURITY;

DROP POLICY IF EXISTS pige360_tenant_academic_periods ON academic_periods;

CREATE POLICY pige360_tenant_academic_periods ON academic_periods USING (tenant_id = current_setting('app.tenant_id', true)) WITH CHECK (tenant_id = current_setting('app.tenant_id', true));

DO $$ BEGIN
      IF NOT EXISTS (SELECT 1 FROM pg_constraint WHERE conname='fk_teaching_plans_academic_period') THEN
        ALTER TABLE teaching_plans ADD CONSTRAINT fk_teaching_plans_academic_period
          FOREIGN KEY (academic_period_id) REFERENCES academic_periods(id) NOT VALID;
      END IF;
    END $$;

ALTER TABLE teaching_plans VALIDATE CONSTRAINT fk_teaching_plans_academic_period;

UPDATE alembic_version SET version_num='0003_academic_periods' WHERE alembic_version.version_num = '0002_guardian_link_audit';

COMMIT;

BEGIN;

INFO  [alembic.runtime.migration] Running upgrade 0003_academic_periods -> 0004_integration_operation_keys, Idempotência durável das operações em providers externos.
-- Running upgrade 0003_academic_periods -> 0004_integration_operation_keys

CREATE TABLE IF NOT EXISTS integration_operation_keys (
      tenant_id TEXT NOT NULL,
      connection_id TEXT NOT NULL REFERENCES integration_connections(id),
      idempotency_key TEXT NOT NULL,
      capability TEXT NOT NULL,
      request_hash TEXT NOT NULL,
      state TEXT NOT NULL,
      response_json TEXT,
      error TEXT,
      created_at TEXT NOT NULL,
      updated_at TEXT NOT NULL,
      PRIMARY KEY(tenant_id, connection_id, idempotency_key)
    );

CREATE INDEX IF NOT EXISTS ix_integration_operation_state ON integration_operation_keys(tenant_id, connection_id, state, updated_at);

ALTER TABLE integration_operation_keys ENABLE ROW LEVEL SECURITY;

ALTER TABLE integration_operation_keys FORCE ROW LEVEL SECURITY;

DROP POLICY IF EXISTS pige360_tenant_integration_operation_keys ON integration_operation_keys;

CREATE POLICY pige360_tenant_integration_operation_keys ON integration_operation_keys USING (tenant_id = current_setting('app.tenant_id', true)) WITH CHECK (tenant_id = current_setting('app.tenant_id', true));

UPDATE alembic_version SET version_num='0004_integration_operation_keys' WHERE alembic_version.version_num = '0003_academic_periods';

COMMIT;

BEGIN;

INFO  [alembic.runtime.migration] Running upgrade 0004_integration_operation_keys -> 0005_contract_lifecycle, Ciclo completo de contratos e evidências de assinatura.
-- Running upgrade 0004_integration_operation_keys -> 0005_contract_lifecycle

CREATE TABLE IF NOT EXISTS contract_versions (id TEXT PRIMARY KEY,tenant_id TEXT NOT NULL,contract_id TEXT NOT NULL REFERENCES legal_contracts(id),version INTEGER NOT NULL,state TEXT NOT NULL,effective_from TEXT,effective_until TEXT,document_sha256 TEXT,document_storage_key TEXT,snapshot_id TEXT,reason TEXT,actor_id TEXT,created_at TEXT NOT NULL,UNIQUE(tenant_id,contract_id,version));

CREATE TABLE IF NOT EXISTS contract_amendments (id TEXT PRIMARY KEY,tenant_id TEXT NOT NULL,contract_id TEXT NOT NULL REFERENCES legal_contracts(id),amendment_contract_id TEXT NOT NULL REFERENCES legal_contracts(id),amendment_type TEXT NOT NULL,title TEXT NOT NULL,payload_json TEXT NOT NULL DEFAULT '{}',effective_from TEXT,state TEXT NOT NULL DEFAULT 'draft',version INTEGER NOT NULL DEFAULT 1,created_by TEXT NOT NULL,created_at TEXT NOT NULL,updated_at TEXT NOT NULL);

CREATE TABLE IF NOT EXISTS contract_relationships (id TEXT PRIMARY KEY,tenant_id TEXT NOT NULL,source_contract_id TEXT NOT NULL REFERENCES legal_contracts(id),target_contract_id TEXT NOT NULL REFERENCES legal_contracts(id),relationship_type TEXT NOT NULL,created_by TEXT NOT NULL,created_at TEXT NOT NULL,UNIQUE(tenant_id,source_contract_id,target_contract_id,relationship_type));

CREATE TABLE IF NOT EXISTS signature_otp_challenges (id TEXT PRIMARY KEY,tenant_id TEXT NOT NULL,envelope_id TEXT NOT NULL REFERENCES signature_envelopes(id),signer_id TEXT NOT NULL,user_id TEXT NOT NULL,channel TEXT NOT NULL,destination_masked TEXT NOT NULL,expires_at TEXT NOT NULL,attempts INTEGER NOT NULL DEFAULT 0,max_attempts INTEGER NOT NULL DEFAULT 5,consumed_at TEXT,created_at TEXT NOT NULL);

CREATE TABLE IF NOT EXISTS signature_attempts (id TEXT PRIMARY KEY,tenant_id TEXT NOT NULL,envelope_id TEXT NOT NULL REFERENCES signature_envelopes(id),signer_id TEXT,provider TEXT NOT NULL,action TEXT NOT NULL,state TEXT NOT NULL,request_json TEXT NOT NULL DEFAULT '{}',response_json TEXT NOT NULL DEFAULT '{}',error TEXT,correlation_id TEXT,created_at TEXT NOT NULL,finished_at TEXT);

CREATE TABLE IF NOT EXISTS signature_validations (id TEXT PRIMARY KEY,tenant_id TEXT NOT NULL,envelope_id TEXT NOT NULL REFERENCES signature_envelopes(id),valid INTEGER NOT NULL,document_hash_valid INTEGER NOT NULL,evidence_valid INTEGER NOT NULL,details_json TEXT NOT NULL DEFAULT '{}',validated_by TEXT,created_at TEXT NOT NULL);

CREATE TABLE IF NOT EXISTS signature_artifacts (id TEXT PRIMARY KEY,tenant_id TEXT NOT NULL,envelope_id TEXT NOT NULL REFERENCES signature_envelopes(id),signer_id TEXT NOT NULL,provider TEXT NOT NULL,artifact_type TEXT NOT NULL,sha256 TEXT NOT NULL,storage_key TEXT NOT NULL,certificate_subject TEXT,certificate_serial TEXT,metadata_json TEXT NOT NULL DEFAULT '{}',created_at TEXT NOT NULL,UNIQUE(tenant_id,envelope_id,signer_id,provider,sha256));

CREATE TABLE IF NOT EXISTS signature_evidence_packages (id TEXT PRIMARY KEY,tenant_id TEXT NOT NULL,envelope_id TEXT NOT NULL REFERENCES signature_envelopes(id),sha256 TEXT NOT NULL,payload_json TEXT NOT NULL,created_at TEXT NOT NULL,UNIQUE(tenant_id,envelope_id,sha256));

ALTER TABLE contract_versions ENABLE ROW LEVEL SECURITY;

ALTER TABLE contract_versions FORCE ROW LEVEL SECURITY;

DROP POLICY IF EXISTS pige360_tenant_contract_versions ON contract_versions;

CREATE POLICY pige360_tenant_contract_versions ON contract_versions USING (tenant_id = current_setting('app.tenant_id', true)) WITH CHECK (tenant_id = current_setting('app.tenant_id', true));

ALTER TABLE contract_amendments ENABLE ROW LEVEL SECURITY;

ALTER TABLE contract_amendments FORCE ROW LEVEL SECURITY;

DROP POLICY IF EXISTS pige360_tenant_contract_amendments ON contract_amendments;

CREATE POLICY pige360_tenant_contract_amendments ON contract_amendments USING (tenant_id = current_setting('app.tenant_id', true)) WITH CHECK (tenant_id = current_setting('app.tenant_id', true));

ALTER TABLE contract_relationships ENABLE ROW LEVEL SECURITY;

ALTER TABLE contract_relationships FORCE ROW LEVEL SECURITY;

DROP POLICY IF EXISTS pige360_tenant_contract_relationships ON contract_relationships;

CREATE POLICY pige360_tenant_contract_relationships ON contract_relationships USING (tenant_id = current_setting('app.tenant_id', true)) WITH CHECK (tenant_id = current_setting('app.tenant_id', true));

ALTER TABLE signature_otp_challenges ENABLE ROW LEVEL SECURITY;

ALTER TABLE signature_otp_challenges FORCE ROW LEVEL SECURITY;

DROP POLICY IF EXISTS pige360_tenant_signature_otp_challenges ON signature_otp_challenges;

CREATE POLICY pige360_tenant_signature_otp_challenges ON signature_otp_challenges USING (tenant_id = current_setting('app.tenant_id', true)) WITH CHECK (tenant_id = current_setting('app.tenant_id', true));

ALTER TABLE signature_attempts ENABLE ROW LEVEL SECURITY;

ALTER TABLE signature_attempts FORCE ROW LEVEL SECURITY;

DROP POLICY IF EXISTS pige360_tenant_signature_attempts ON signature_attempts;

CREATE POLICY pige360_tenant_signature_attempts ON signature_attempts USING (tenant_id = current_setting('app.tenant_id', true)) WITH CHECK (tenant_id = current_setting('app.tenant_id', true));

ALTER TABLE signature_validations ENABLE ROW LEVEL SECURITY;

ALTER TABLE signature_validations FORCE ROW LEVEL SECURITY;

DROP POLICY IF EXISTS pige360_tenant_signature_validations ON signature_validations;

CREATE POLICY pige360_tenant_signature_validations ON signature_validations USING (tenant_id = current_setting('app.tenant_id', true)) WITH CHECK (tenant_id = current_setting('app.tenant_id', true));

ALTER TABLE signature_artifacts ENABLE ROW LEVEL SECURITY;

ALTER TABLE signature_artifacts FORCE ROW LEVEL SECURITY;

DROP POLICY IF EXISTS pige360_tenant_signature_artifacts ON signature_artifacts;

CREATE POLICY pige360_tenant_signature_artifacts ON signature_artifacts USING (tenant_id = current_setting('app.tenant_id', true)) WITH CHECK (tenant_id = current_setting('app.tenant_id', true));

ALTER TABLE signature_evidence_packages ENABLE ROW LEVEL SECURITY;

ALTER TABLE signature_evidence_packages FORCE ROW LEVEL SECURITY;

DROP POLICY IF EXISTS pige360_tenant_signature_evidence_packages ON signature_evidence_packages;

CREATE POLICY pige360_tenant_signature_evidence_packages ON signature_evidence_packages USING (tenant_id = current_setting('app.tenant_id', true)) WITH CHECK (tenant_id = current_setting('app.tenant_id', true));

UPDATE alembic_version SET version_num='0005_contract_lifecycle' WHERE alembic_version.version_num = '0004_integration_operation_keys';

COMMIT;

BEGIN;

INFO  [alembic.runtime.migration] Running upgrade 0005_contract_lifecycle -> 0006_pades_signed_document, PAdES embedded signed-document revision fields.
-- Running upgrade 0005_contract_lifecycle -> 0006_pades_signed_document

ALTER TABLE legal_contracts ADD COLUMN IF NOT EXISTS signed_document_sha256 TEXT;

ALTER TABLE legal_contracts ADD COLUMN IF NOT EXISTS signed_document_storage_key TEXT;

ALTER TABLE legal_contracts ADD COLUMN IF NOT EXISTS signature_profile TEXT;

ALTER TABLE contract_versions ADD COLUMN IF NOT EXISTS signed_document_sha256 TEXT;

ALTER TABLE contract_versions ADD COLUMN IF NOT EXISTS signed_document_storage_key TEXT;

ALTER TABLE contract_versions ADD COLUMN IF NOT EXISTS signature_profile TEXT;

UPDATE alembic_version SET version_num='0006_pades_signed_document' WHERE alembic_version.version_num = '0005_contract_lifecycle';

COMMIT;

BEGIN;

INFO  [alembic.runtime.migration] Running upgrade 0006_pades_signed_document -> 0007_event_delivery, Outbox delivery metadata and consumer inbox.
-- Running upgrade 0006_pades_signed_document -> 0007_event_delivery

ALTER TABLE outbox_events ADD COLUMN IF NOT EXISTS last_error TEXT;

ALTER TABLE outbox_events ADD COLUMN IF NOT EXISTS next_attempt_at TEXT;

CREATE TABLE IF NOT EXISTS inbox_events (
        id TEXT PRIMARY KEY, tenant_id TEXT NOT NULL, event_id TEXT NOT NULL, consumer TEXT NOT NULL,
        event_type TEXT NOT NULL, state TEXT NOT NULL DEFAULT 'processing', attempts INTEGER NOT NULL DEFAULT 1,
        last_error TEXT, result_json TEXT NOT NULL DEFAULT '{}', created_at TEXT NOT NULL, updated_at TEXT NOT NULL,
        processed_at TEXT, UNIQUE(tenant_id,event_id,consumer)
    );

CREATE INDEX IF NOT EXISTS idx_inbox_event_consumer ON inbox_events(tenant_id,event_id,consumer);

ALTER TABLE inbox_events ENABLE ROW LEVEL SECURITY;

ALTER TABLE inbox_events FORCE ROW LEVEL SECURITY;

DROP POLICY IF EXISTS pige360_tenant_inbox_events ON inbox_events;

CREATE POLICY pige360_tenant_inbox_events ON inbox_events USING (tenant_id = current_setting('app.tenant_id', true)) WITH CHECK (tenant_id = current_setting('app.tenant_id', true));

UPDATE alembic_version SET version_num='0007_event_delivery' WHERE alembic_version.version_num = '0006_pades_signed_document';

COMMIT;

BEGIN;

INFO  [alembic.runtime.migration] Running upgrade 0007_event_delivery -> 0008_fiscal_provider_delivery, Fiscal provider delivery state and immutable fiscal events.
-- Running upgrade 0007_event_delivery -> 0008_fiscal_provider_delivery

ALTER TABLE fiscal_profiles ADD COLUMN IF NOT EXISTS provider_connection_id TEXT REFERENCES integration_connections(id);

ALTER TABLE fiscal_documents ADD COLUMN IF NOT EXISTS provider_connection_id TEXT REFERENCES integration_connections(id);

ALTER TABLE fiscal_documents ADD COLUMN IF NOT EXISTS provider_document_id TEXT;

ALTER TABLE fiscal_documents ADD COLUMN IF NOT EXISTS provider_status TEXT NOT NULL DEFAULT 'not_configured';

ALTER TABLE fiscal_documents ADD COLUMN IF NOT EXISTS attempts INTEGER NOT NULL DEFAULT 0;

ALTER TABLE fiscal_documents ADD COLUMN IF NOT EXISTS last_attempt_at TEXT;

CREATE TABLE IF NOT EXISTS fiscal_document_events (
        id TEXT PRIMARY KEY, tenant_id TEXT NOT NULL, fiscal_document_id TEXT NOT NULL REFERENCES fiscal_documents(id),
        event_type TEXT NOT NULL, state TEXT NOT NULL, provider_connection_id TEXT REFERENCES integration_connections(id),
        provider_event_id TEXT, payload_json TEXT NOT NULL DEFAULT '{}', xml_storage_key TEXT, xml_sha256 TEXT,
        created_at TEXT NOT NULL
    );

CREATE INDEX IF NOT EXISTS idx_fiscal_document_events_document ON fiscal_document_events(tenant_id,fiscal_document_id,created_at);

ALTER TABLE fiscal_document_events ENABLE ROW LEVEL SECURITY;

ALTER TABLE fiscal_document_events FORCE ROW LEVEL SECURITY;

DROP POLICY IF EXISTS pige360_tenant_fiscal_document_events ON fiscal_document_events;

CREATE POLICY pige360_tenant_fiscal_document_events ON fiscal_document_events USING (tenant_id = current_setting('app.tenant_id', true)) WITH CHECK (tenant_id = current_setting('app.tenant_id', true));

UPDATE alembic_version SET version_num='0008_fiscal_provider_delivery' WHERE alembic_version.version_num = '0007_event_delivery';

COMMIT;

BEGIN;

INFO  [alembic.runtime.migration] Running upgrade 0008_fiscal_provider_delivery -> 0009_signature_otp_delivery, Delivery metadata for one-time signature challenges.
-- Running upgrade 0008_fiscal_provider_delivery -> 0009_signature_otp_delivery

ALTER TABLE signature_otp_challenges ADD COLUMN IF NOT EXISTS delivery_state TEXT NOT NULL DEFAULT 'queued';

ALTER TABLE signature_otp_challenges ADD COLUMN IF NOT EXISTS delivery_provider TEXT;

ALTER TABLE signature_otp_challenges ADD COLUMN IF NOT EXISTS delivery_message_id TEXT;

ALTER TABLE signature_otp_challenges ADD COLUMN IF NOT EXISTS delivery_error_code TEXT;

ALTER TABLE signature_otp_challenges ADD COLUMN IF NOT EXISTS delivered_at TEXT;

UPDATE alembic_version SET version_num='0009_signature_otp_delivery' WHERE alembic_version.version_num = '0008_fiscal_provider_delivery';

COMMIT;

BEGIN;

INFO  [alembic.runtime.migration] Running upgrade 0009_signature_otp_delivery -> 0010_ibpt_catalogs, IBPT WWSoftwares versioned catalogs.
-- Running upgrade 0009_signature_otp_delivery -> 0010_ibpt_catalogs

CREATE TABLE IF NOT EXISTS ibpt_sync_runs (
      id TEXT PRIMARY KEY, tenant_id TEXT NOT NULL, uf TEXT NOT NULL,
      state TEXT NOT NULL DEFAULT 'queued', snapshot_id TEXT, requested_by TEXT,
      requested_at TEXT NOT NULL, started_at TEXT, finished_at TEXT,
      error_code TEXT, error_message TEXT
    );
    CREATE INDEX IF NOT EXISTS ix_ibpt_sync_runs_state ON ibpt_sync_runs(tenant_id, state, requested_at);
    CREATE TABLE IF NOT EXISTS ibpt_snapshots (
      id TEXT PRIMARY KEY, tenant_id TEXT NOT NULL, uf TEXT NOT NULL,
      source_url TEXT NOT NULL, sha256 TEXT NOT NULL, storage_key TEXT NOT NULL,
      rows_count INTEGER NOT NULL, source_version TEXT, effective_from TEXT, effective_to TEXT,
      state TEXT NOT NULL DEFAULT 'active', created_at TEXT NOT NULL,
      UNIQUE(tenant_id, uf, sha256)
    );
    CREATE INDEX IF NOT EXISTS ix_ibpt_snapshots_active ON ibpt_snapshots(tenant_id, uf, state, created_at);
    CREATE TABLE IF NOT EXISTS ibpt_rates (
      id TEXT PRIMARY KEY, tenant_id TEXT NOT NULL, snapshot_id TEXT NOT NULL REFERENCES ibpt_snapshots(id),
      uf TEXT NOT NULL, code TEXT NOT NULL, ex TEXT NOT NULL DEFAULT '', item_type TEXT NOT NULL DEFAULT '',
      description TEXT NOT NULL, national_federal NUMERIC NOT NULL DEFAULT 0,
      imported_federal NUMERIC NOT NULL DEFAULT 0, state_rate NUMERIC NOT NULL DEFAULT 0,
      municipal_rate NUMERIC NOT NULL DEFAULT 0, effective_from TEXT, effective_to TEXT,
      source_version TEXT, source_name TEXT, created_at TEXT NOT NULL,
      UNIQUE(tenant_id, snapshot_id, code, ex, item_type)
    );
    CREATE INDEX IF NOT EXISTS ix_ibpt_rates_lookup ON ibpt_rates(tenant_id, uf, code, snapshot_id);;

ALTER TABLE ibpt_sync_runs ENABLE ROW LEVEL SECURITY;

DROP POLICY IF EXISTS ibpt_sync_runs_tenant_isolation ON ibpt_sync_runs;

CREATE POLICY ibpt_sync_runs_tenant_isolation ON ibpt_sync_runs USING (tenant_id = current_setting('app.tenant_id', true)) WITH CHECK (tenant_id = current_setting('app.tenant_id', true));

ALTER TABLE ibpt_snapshots ENABLE ROW LEVEL SECURITY;

DROP POLICY IF EXISTS ibpt_snapshots_tenant_isolation ON ibpt_snapshots;

CREATE POLICY ibpt_snapshots_tenant_isolation ON ibpt_snapshots USING (tenant_id = current_setting('app.tenant_id', true)) WITH CHECK (tenant_id = current_setting('app.tenant_id', true));

ALTER TABLE ibpt_rates ENABLE ROW LEVEL SECURITY;

DROP POLICY IF EXISTS ibpt_rates_tenant_isolation ON ibpt_rates;

CREATE POLICY ibpt_rates_tenant_isolation ON ibpt_rates USING (tenant_id = current_setting('app.tenant_id', true)) WITH CHECK (tenant_id = current_setting('app.tenant_id', true));

UPDATE alembic_version SET version_num='0010_ibpt_catalogs' WHERE alembic_version.version_num = '0009_signature_otp_delivery';

COMMIT;

BEGIN;

INFO  [alembic.runtime.migration] Running upgrade 0010_ibpt_catalogs -> 0011_mail_metadata, Mail account, sync metadata, drafts and delegations.
-- Running upgrade 0010_ibpt_catalogs -> 0011_mail_metadata

CREATE TABLE IF NOT EXISTS mail_accounts (
      id TEXT PRIMARY KEY, tenant_id TEXT NOT NULL, user_id TEXT NOT NULL, person_id TEXT,
      email TEXT NOT NULL, display_name TEXT, provider_connection_id TEXT NOT NULL REFERENCES integration_connections(id),
      credential_secret_reference TEXT, mode TEXT NOT NULL DEFAULT 'generic_imap_smtp', state TEXT NOT NULL DEFAULT 'active',
      quota_mb INTEGER, last_sync_at TEXT, created_at TEXT NOT NULL, updated_at TEXT NOT NULL,
      UNIQUE(tenant_id,email), UNIQUE(tenant_id,user_id)
    );
    CREATE TABLE IF NOT EXISTS mail_folders (
      id TEXT PRIMARY KEY, tenant_id TEXT NOT NULL, account_id TEXT NOT NULL REFERENCES mail_accounts(id), remote_name TEXT NOT NULL,
      display_name TEXT NOT NULL, special_use TEXT, uid_validity TEXT, highest_uid INTEGER NOT NULL DEFAULT 0,
      unread_count INTEGER NOT NULL DEFAULT 0, total_count INTEGER NOT NULL DEFAULT 0, created_at TEXT NOT NULL, updated_at TEXT NOT NULL,
      UNIQUE(tenant_id,account_id,remote_name)
    );
    CREATE TABLE IF NOT EXISTS mail_message_metadata (
      id TEXT PRIMARY KEY, tenant_id TEXT NOT NULL, account_id TEXT NOT NULL REFERENCES mail_accounts(id), folder_id TEXT NOT NULL REFERENCES mail_folders(id),
      remote_uid BIGINT NOT NULL, message_id TEXT, thread_key TEXT, in_reply_to TEXT, subject TEXT,
      sender_json TEXT NOT NULL DEFAULT '{}', recipients_json TEXT NOT NULL DEFAULT '[]', cc_json TEXT NOT NULL DEFAULT '[]', bcc_json TEXT NOT NULL DEFAULT '[]',
      sent_at TEXT, received_at TEXT, flags_json TEXT NOT NULL DEFAULT '[]', size_bytes BIGINT, has_attachments BOOLEAN NOT NULL DEFAULT FALSE,
      preview TEXT, content_sha256 TEXT, created_at TEXT NOT NULL, updated_at TEXT NOT NULL,
      UNIQUE(tenant_id,account_id,folder_id,remote_uid)
    );
    CREATE INDEX IF NOT EXISTS idx_mail_message_account_received ON mail_message_metadata(tenant_id,account_id,received_at);
    CREATE TABLE IF NOT EXISTS mail_drafts (
      id TEXT PRIMARY KEY, tenant_id TEXT NOT NULL, account_id TEXT NOT NULL REFERENCES mail_accounts(id), subject TEXT,
      to_json TEXT NOT NULL DEFAULT '[]', cc_json TEXT NOT NULL DEFAULT '[]', bcc_json TEXT NOT NULL DEFAULT '[]', body_text TEXT NOT NULL DEFAULT '',
      body_html TEXT, attachments_json TEXT NOT NULL DEFAULT '[]', state TEXT NOT NULL DEFAULT 'draft', provider_message_id TEXT,
      version INTEGER NOT NULL DEFAULT 1, created_by TEXT NOT NULL, created_at TEXT NOT NULL, updated_at TEXT NOT NULL
    );
    CREATE TABLE IF NOT EXISTS mail_sync_runs (
      id TEXT PRIMARY KEY, tenant_id TEXT NOT NULL, account_id TEXT NOT NULL REFERENCES mail_accounts(id), state TEXT NOT NULL,
      folders_synced INTEGER NOT NULL DEFAULT 0, messages_synced INTEGER NOT NULL DEFAULT 0,
      error_code TEXT, error_message TEXT, started_at TEXT NOT NULL, finished_at TEXT
    );
    CREATE TABLE IF NOT EXISTS mail_delegations (
      id TEXT PRIMARY KEY, tenant_id TEXT NOT NULL, account_id TEXT NOT NULL REFERENCES mail_accounts(id), delegate_user_id TEXT NOT NULL,
      can_read BOOLEAN NOT NULL DEFAULT TRUE, can_send BOOLEAN NOT NULL DEFAULT FALSE, valid_from TEXT, valid_until TEXT,
      state TEXT NOT NULL DEFAULT 'active', created_at TEXT NOT NULL, updated_at TEXT NOT NULL,
      UNIQUE(tenant_id,account_id,delegate_user_id)
    );;

ALTER TABLE mail_accounts ENABLE ROW LEVEL SECURITY;

DROP POLICY IF EXISTS mail_accounts_tenant_isolation ON mail_accounts;

CREATE POLICY mail_accounts_tenant_isolation ON mail_accounts USING (tenant_id = current_setting('app.tenant_id', true)) WITH CHECK (tenant_id = current_setting('app.tenant_id', true));

ALTER TABLE mail_folders ENABLE ROW LEVEL SECURITY;

DROP POLICY IF EXISTS mail_folders_tenant_isolation ON mail_folders;

CREATE POLICY mail_folders_tenant_isolation ON mail_folders USING (tenant_id = current_setting('app.tenant_id', true)) WITH CHECK (tenant_id = current_setting('app.tenant_id', true));

ALTER TABLE mail_message_metadata ENABLE ROW LEVEL SECURITY;

DROP POLICY IF EXISTS mail_message_metadata_tenant_isolation ON mail_message_metadata;

CREATE POLICY mail_message_metadata_tenant_isolation ON mail_message_metadata USING (tenant_id = current_setting('app.tenant_id', true)) WITH CHECK (tenant_id = current_setting('app.tenant_id', true));

ALTER TABLE mail_drafts ENABLE ROW LEVEL SECURITY;

DROP POLICY IF EXISTS mail_drafts_tenant_isolation ON mail_drafts;

CREATE POLICY mail_drafts_tenant_isolation ON mail_drafts USING (tenant_id = current_setting('app.tenant_id', true)) WITH CHECK (tenant_id = current_setting('app.tenant_id', true));

ALTER TABLE mail_sync_runs ENABLE ROW LEVEL SECURITY;

DROP POLICY IF EXISTS mail_sync_runs_tenant_isolation ON mail_sync_runs;

CREATE POLICY mail_sync_runs_tenant_isolation ON mail_sync_runs USING (tenant_id = current_setting('app.tenant_id', true)) WITH CHECK (tenant_id = current_setting('app.tenant_id', true));

ALTER TABLE mail_delegations ENABLE ROW LEVEL SECURITY;

DROP POLICY IF EXISTS mail_delegations_tenant_isolation ON mail_delegations;

CREATE POLICY mail_delegations_tenant_isolation ON mail_delegations USING (tenant_id = current_setting('app.tenant_id', true)) WITH CHECK (tenant_id = current_setting('app.tenant_id', true));

UPDATE alembic_version SET version_num='0011_mail_metadata' WHERE alembic_version.version_num = '0010_ibpt_catalogs';

COMMIT;

BEGIN;

INFO  [alembic.runtime.migration] Running upgrade 0011_mail_metadata -> 0012_reporting, Reporting runs and immutable artifacts.
-- Running upgrade 0011_mail_metadata -> 0012_reporting

CREATE TABLE IF NOT EXISTS report_runs (
      id TEXT PRIMARY KEY, tenant_id TEXT NOT NULL, report_code TEXT NOT NULL, format TEXT NOT NULL,
      parameters_json TEXT NOT NULL DEFAULT '{}', state TEXT NOT NULL, rows_count INTEGER NOT NULL DEFAULT 0,
      requested_by TEXT NOT NULL, requested_at TEXT NOT NULL, started_at TEXT, finished_at TEXT,
      error_code TEXT, error_message TEXT
    );
    CREATE INDEX IF NOT EXISTS idx_report_runs_tenant_requested ON report_runs(tenant_id,requested_at);
    CREATE TABLE IF NOT EXISTS report_artifacts (
      id TEXT PRIMARY KEY, tenant_id TEXT NOT NULL, report_run_id TEXT NOT NULL REFERENCES report_runs(id),
      filename TEXT NOT NULL, mime_type TEXT NOT NULL, bytes BIGINT NOT NULL, sha256 TEXT NOT NULL,
      storage_key TEXT NOT NULL, created_at TEXT NOT NULL, UNIQUE(tenant_id,sha256,report_run_id)
    );;

ALTER TABLE report_runs ENABLE ROW LEVEL SECURITY;

DROP POLICY IF EXISTS report_runs_tenant_isolation ON report_runs;

CREATE POLICY report_runs_tenant_isolation ON report_runs USING (tenant_id=current_setting('app.tenant_id',true)) WITH CHECK (tenant_id=current_setting('app.tenant_id',true));

ALTER TABLE report_artifacts ENABLE ROW LEVEL SECURITY;

DROP POLICY IF EXISTS report_artifacts_tenant_isolation ON report_artifacts;

CREATE POLICY report_artifacts_tenant_isolation ON report_artifacts USING (tenant_id=current_setting('app.tenant_id',true)) WITH CHECK (tenant_id=current_setting('app.tenant_id',true));

UPDATE alembic_version SET version_num='0012_reporting' WHERE alembic_version.version_num = '0011_mail_metadata';

COMMIT;

BEGIN;

INFO  [alembic.runtime.migration] Running upgrade 0012_reporting -> 0013_communication, Communication templates, preferences and notification delivery history.
-- Running upgrade 0012_reporting -> 0013_communication

CREATE TABLE IF NOT EXISTS communication_templates (
  id TEXT PRIMARY KEY, tenant_id TEXT NOT NULL, template_key TEXT NOT NULL, name TEXT NOT NULL,
  channel TEXT NOT NULL, state TEXT NOT NULL DEFAULT 'draft', current_version INTEGER NOT NULL DEFAULT 1,
  created_by TEXT NOT NULL, created_at TEXT NOT NULL, updated_at TEXT NOT NULL, UNIQUE(tenant_id, template_key)
);
CREATE TABLE IF NOT EXISTS communication_template_versions (
  id TEXT PRIMARY KEY, tenant_id TEXT NOT NULL, template_id TEXT NOT NULL REFERENCES communication_templates(id),
  version INTEGER NOT NULL, subject_template TEXT, body_template TEXT NOT NULL, variables_json TEXT NOT NULL DEFAULT '[]',
  state TEXT NOT NULL DEFAULT 'draft', change_reason TEXT, created_by TEXT NOT NULL, created_at TEXT NOT NULL,
  UNIQUE(template_id, version)
);
CREATE TABLE IF NOT EXISTS communication_preferences (
  id TEXT PRIMARY KEY, tenant_id TEXT NOT NULL, person_id TEXT NOT NULL REFERENCES people(id), channel TEXT NOT NULL,
  enabled INTEGER NOT NULL DEFAULT 1, quiet_hours_json TEXT NOT NULL DEFAULT '{}', updated_by TEXT NOT NULL, updated_at TEXT NOT NULL,
  UNIQUE(tenant_id, person_id, channel)
);
CREATE TABLE IF NOT EXISTS notification_events (
  id TEXT PRIMARY KEY, tenant_id TEXT NOT NULL, notification_id TEXT NOT NULL REFERENCES notifications(id),
  event_type TEXT NOT NULL, state TEXT NOT NULL, provider_message_id TEXT, details_json TEXT NOT NULL DEFAULT '{}',
  occurred_at TEXT NOT NULL
);
CREATE INDEX IF NOT EXISTS ix_notification_events_notification ON notification_events(tenant_id, notification_id, occurred_at);;

ALTER TABLE communication_templates ENABLE ROW LEVEL SECURITY;

DROP POLICY IF EXISTS pige360_tenant_isolation ON communication_templates;

CREATE POLICY pige360_tenant_isolation ON communication_templates USING (tenant_id = current_setting('app.tenant_id', true)) WITH CHECK (tenant_id = current_setting('app.tenant_id', true));

ALTER TABLE communication_template_versions ENABLE ROW LEVEL SECURITY;

DROP POLICY IF EXISTS pige360_tenant_isolation ON communication_template_versions;

CREATE POLICY pige360_tenant_isolation ON communication_template_versions USING (tenant_id = current_setting('app.tenant_id', true)) WITH CHECK (tenant_id = current_setting('app.tenant_id', true));

ALTER TABLE communication_preferences ENABLE ROW LEVEL SECURITY;

DROP POLICY IF EXISTS pige360_tenant_isolation ON communication_preferences;

CREATE POLICY pige360_tenant_isolation ON communication_preferences USING (tenant_id = current_setting('app.tenant_id', true)) WITH CHECK (tenant_id = current_setting('app.tenant_id', true));

ALTER TABLE notification_events ENABLE ROW LEVEL SECURITY;

DROP POLICY IF EXISTS pige360_tenant_isolation ON notification_events;

CREATE POLICY pige360_tenant_isolation ON notification_events USING (tenant_id = current_setting('app.tenant_id', true)) WITH CHECK (tenant_id = current_setting('app.tenant_id', true));

UPDATE alembic_version SET version_num='0013_communication' WHERE alembic_version.version_num = '0012_reporting';

COMMIT;

BEGIN;

INFO  [alembic.runtime.migration] Running upgrade 0013_communication -> 0014_engagement, Versioned notices and configurable service request forms/history.
-- Running upgrade 0013_communication -> 0014_engagement

ALTER TABLE notices ADD COLUMN IF NOT EXISTS version INTEGER NOT NULL DEFAULT 1;

ALTER TABLE service_requests ADD COLUMN IF NOT EXISTS request_type_version INTEGER;

ALTER TABLE service_requests ADD COLUMN IF NOT EXISTS form_data_json TEXT NOT NULL DEFAULT '{}';

CREATE TABLE IF NOT EXISTS notice_versions (
  id TEXT PRIMARY KEY, tenant_id TEXT NOT NULL, notice_id TEXT NOT NULL REFERENCES notices(id), version INTEGER NOT NULL,
  snapshot_json TEXT NOT NULL, change_reason TEXT, created_by TEXT NOT NULL, created_at TEXT NOT NULL, UNIQUE(notice_id, version)
);
CREATE TABLE IF NOT EXISTS notice_receipts (
  id TEXT PRIMARY KEY, tenant_id TEXT NOT NULL, notice_id TEXT NOT NULL REFERENCES notices(id), person_id TEXT NOT NULL REFERENCES people(id),
  first_seen_at TEXT, acknowledged_at TEXT, created_at TEXT NOT NULL, UNIQUE(tenant_id, notice_id, person_id)
);
CREATE TABLE IF NOT EXISTS request_type_definitions (
  id TEXT PRIMARY KEY, tenant_id TEXT NOT NULL, code TEXT NOT NULL, name TEXT NOT NULL, department TEXT, default_sla_hours INTEGER NOT NULL DEFAULT 72,
  state TEXT NOT NULL DEFAULT 'draft', current_version INTEGER NOT NULL DEFAULT 1, created_by TEXT NOT NULL, created_at TEXT NOT NULL, updated_at TEXT NOT NULL,
  UNIQUE(tenant_id, code)
);
CREATE TABLE IF NOT EXISTS request_type_versions (
  id TEXT PRIMARY KEY, tenant_id TEXT NOT NULL, request_type_id TEXT NOT NULL REFERENCES request_type_definitions(id), version INTEGER NOT NULL,
  form_schema_json TEXT NOT NULL DEFAULT '{}', workflow_json TEXT NOT NULL DEFAULT '{}', change_reason TEXT, state TEXT NOT NULL DEFAULT 'draft',
  created_by TEXT NOT NULL, created_at TEXT NOT NULL, UNIQUE(request_type_id, version)
);
CREATE TABLE IF NOT EXISTS service_request_events (
  id TEXT PRIMARY KEY, tenant_id TEXT NOT NULL, service_request_id TEXT NOT NULL REFERENCES service_requests(id), event_type TEXT NOT NULL,
  from_state TEXT, to_state TEXT, reason TEXT, actor_user_id TEXT NOT NULL, occurred_at TEXT NOT NULL
);
CREATE TABLE IF NOT EXISTS service_request_comments (
  id TEXT PRIMARY KEY, tenant_id TEXT NOT NULL, service_request_id TEXT NOT NULL REFERENCES service_requests(id), author_user_id TEXT NOT NULL,
  body TEXT NOT NULL, visibility TEXT NOT NULL DEFAULT 'requester', created_at TEXT NOT NULL
);
CREATE INDEX IF NOT EXISTS ix_service_request_events_request ON service_request_events(tenant_id,service_request_id,occurred_at);
CREATE INDEX IF NOT EXISTS ix_service_request_comments_request ON service_request_comments(tenant_id,service_request_id,created_at);;

ALTER TABLE notice_versions ENABLE ROW LEVEL SECURITY;

DROP POLICY IF EXISTS pige360_tenant_isolation ON notice_versions;

CREATE POLICY pige360_tenant_isolation ON notice_versions USING (tenant_id = current_setting('app.tenant_id', true)) WITH CHECK (tenant_id = current_setting('app.tenant_id', true));

ALTER TABLE notice_receipts ENABLE ROW LEVEL SECURITY;

DROP POLICY IF EXISTS pige360_tenant_isolation ON notice_receipts;

CREATE POLICY pige360_tenant_isolation ON notice_receipts USING (tenant_id = current_setting('app.tenant_id', true)) WITH CHECK (tenant_id = current_setting('app.tenant_id', true));

ALTER TABLE request_type_definitions ENABLE ROW LEVEL SECURITY;

DROP POLICY IF EXISTS pige360_tenant_isolation ON request_type_definitions;

CREATE POLICY pige360_tenant_isolation ON request_type_definitions USING (tenant_id = current_setting('app.tenant_id', true)) WITH CHECK (tenant_id = current_setting('app.tenant_id', true));

ALTER TABLE request_type_versions ENABLE ROW LEVEL SECURITY;

DROP POLICY IF EXISTS pige360_tenant_isolation ON request_type_versions;

CREATE POLICY pige360_tenant_isolation ON request_type_versions USING (tenant_id = current_setting('app.tenant_id', true)) WITH CHECK (tenant_id = current_setting('app.tenant_id', true));

ALTER TABLE service_request_events ENABLE ROW LEVEL SECURITY;

DROP POLICY IF EXISTS pige360_tenant_isolation ON service_request_events;

CREATE POLICY pige360_tenant_isolation ON service_request_events USING (tenant_id = current_setting('app.tenant_id', true)) WITH CHECK (tenant_id = current_setting('app.tenant_id', true));

ALTER TABLE service_request_comments ENABLE ROW LEVEL SECURITY;

DROP POLICY IF EXISTS pige360_tenant_isolation ON service_request_comments;

CREATE POLICY pige360_tenant_isolation ON service_request_comments USING (tenant_id = current_setting('app.tenant_id', true)) WITH CHECK (tenant_id = current_setting('app.tenant_id', true));

UPDATE alembic_version SET version_num='0014_engagement' WHERE alembic_version.version_num = '0013_communication';

COMMIT;

BEGIN;

INFO  [alembic.runtime.migration] Running upgrade 0014_engagement -> 0015_workflows, Versioned human workflows, instances, tasks and request integration.
-- Running upgrade 0014_engagement -> 0015_workflows

ALTER TABLE service_requests ADD COLUMN IF NOT EXISTS workflow_instance_id TEXT;

CREATE TABLE IF NOT EXISTS workflow_definitions (
  id TEXT PRIMARY KEY, tenant_id TEXT NOT NULL, code TEXT NOT NULL, name TEXT NOT NULL,
  aggregate_type TEXT NOT NULL, state TEXT NOT NULL DEFAULT 'draft', current_version INTEGER NOT NULL DEFAULT 1,
  created_by TEXT NOT NULL, created_at TEXT NOT NULL, updated_at TEXT NOT NULL, UNIQUE(tenant_id, code)
);
CREATE TABLE IF NOT EXISTS workflow_definition_versions (
  id TEXT PRIMARY KEY, tenant_id TEXT NOT NULL, workflow_definition_id TEXT NOT NULL REFERENCES workflow_definitions(id),
  version INTEGER NOT NULL, steps_json TEXT NOT NULL, state TEXT NOT NULL DEFAULT 'draft', change_reason TEXT,
  created_by TEXT NOT NULL, created_at TEXT NOT NULL, UNIQUE(workflow_definition_id, version)
);
CREATE TABLE IF NOT EXISTS workflow_instances (
  id TEXT PRIMARY KEY, tenant_id TEXT NOT NULL, workflow_definition_id TEXT NOT NULL REFERENCES workflow_definitions(id),
  definition_version INTEGER NOT NULL, aggregate_type TEXT NOT NULL, aggregate_id TEXT NOT NULL,
  state TEXT NOT NULL DEFAULT 'active', current_step_key TEXT, context_json TEXT NOT NULL DEFAULT '{}',
  started_by TEXT NOT NULL, started_at TEXT NOT NULL, completed_at TEXT, cancelled_at TEXT, version INTEGER NOT NULL DEFAULT 1
);
CREATE INDEX IF NOT EXISTS ix_workflow_instances_aggregate ON workflow_instances(tenant_id, aggregate_type, aggregate_id, started_at);
CREATE TABLE IF NOT EXISTS workflow_tasks (
  id TEXT PRIMARY KEY, tenant_id TEXT NOT NULL, workflow_instance_id TEXT NOT NULL REFERENCES workflow_instances(id),
  step_key TEXT NOT NULL, step_name TEXT NOT NULL, task_type TEXT NOT NULL, assignee_roles_json TEXT NOT NULL DEFAULT '[]',
  assignee_user_id TEXT, state TEXT NOT NULL DEFAULT 'open', due_at TEXT, decision TEXT, comment TEXT,
  completed_by TEXT, completed_at TEXT, sla_breached_at TEXT, escalation_count INTEGER NOT NULL DEFAULT 0,
  version INTEGER NOT NULL DEFAULT 1, created_at TEXT NOT NULL
);
CREATE INDEX IF NOT EXISTS ix_workflow_tasks_state ON workflow_tasks(tenant_id, state, due_at, created_at);
CREATE TABLE IF NOT EXISTS workflow_events (
  id TEXT PRIMARY KEY, tenant_id TEXT NOT NULL, workflow_instance_id TEXT NOT NULL REFERENCES workflow_instances(id),
  event_type TEXT NOT NULL, from_state TEXT, to_state TEXT, from_step_key TEXT, to_step_key TEXT,
  actor_user_id TEXT, decision TEXT, comment TEXT, payload_json TEXT NOT NULL DEFAULT '{}', occurred_at TEXT NOT NULL
);
CREATE INDEX IF NOT EXISTS ix_workflow_events_instance ON workflow_events(tenant_id, workflow_instance_id, occurred_at);;

ALTER TABLE workflow_definitions ENABLE ROW LEVEL SECURITY;

DROP POLICY IF EXISTS pige360_tenant_isolation ON workflow_definitions;

CREATE POLICY pige360_tenant_isolation ON workflow_definitions USING (tenant_id = current_setting('app.tenant_id', true)) WITH CHECK (tenant_id = current_setting('app.tenant_id', true));

ALTER TABLE workflow_definition_versions ENABLE ROW LEVEL SECURITY;

DROP POLICY IF EXISTS pige360_tenant_isolation ON workflow_definition_versions;

CREATE POLICY pige360_tenant_isolation ON workflow_definition_versions USING (tenant_id = current_setting('app.tenant_id', true)) WITH CHECK (tenant_id = current_setting('app.tenant_id', true));

ALTER TABLE workflow_instances ENABLE ROW LEVEL SECURITY;

DROP POLICY IF EXISTS pige360_tenant_isolation ON workflow_instances;

CREATE POLICY pige360_tenant_isolation ON workflow_instances USING (tenant_id = current_setting('app.tenant_id', true)) WITH CHECK (tenant_id = current_setting('app.tenant_id', true));

ALTER TABLE workflow_tasks ENABLE ROW LEVEL SECURITY;

DROP POLICY IF EXISTS pige360_tenant_isolation ON workflow_tasks;

CREATE POLICY pige360_tenant_isolation ON workflow_tasks USING (tenant_id = current_setting('app.tenant_id', true)) WITH CHECK (tenant_id = current_setting('app.tenant_id', true));

ALTER TABLE workflow_events ENABLE ROW LEVEL SECURITY;

DROP POLICY IF EXISTS pige360_tenant_isolation ON workflow_events;

CREATE POLICY pige360_tenant_isolation ON workflow_events USING (tenant_id = current_setting('app.tenant_id', true)) WITH CHECK (tenant_id = current_setting('app.tenant_id', true));

UPDATE alembic_version SET version_num='0015_workflows' WHERE alembic_version.version_num = '0014_engagement';

COMMIT;

BEGIN;

INFO  [alembic.runtime.migration] Running upgrade 0015_workflows -> 0016_student_services, Library circulation policies, transportation operations and health care records.
-- Running upgrade 0015_workflows -> 0016_student_services

ALTER TABLE library_loans ADD COLUMN IF NOT EXISTS policy_version INTEGER;

CREATE TABLE IF NOT EXISTS library_policies (
  id TEXT PRIMARY KEY, tenant_id TEXT NOT NULL, code TEXT NOT NULL DEFAULT 'default', version INTEGER NOT NULL,
  effective_from TEXT NOT NULL, max_loan_days INTEGER NOT NULL DEFAULT 14, max_renewals INTEGER NOT NULL DEFAULT 2,
  grace_days INTEGER NOT NULL DEFAULT 0, daily_fine NUMERIC NOT NULL DEFAULT 0, reservation_hold_hours INTEGER NOT NULL DEFAULT 48,
  state TEXT NOT NULL DEFAULT 'active', created_by TEXT NOT NULL, created_at TEXT NOT NULL, updated_at TEXT NOT NULL,
  UNIQUE(tenant_id, code, version)
);
CREATE TABLE IF NOT EXISTS library_reservations (
  id TEXT PRIMARY KEY, tenant_id TEXT NOT NULL, library_item_id TEXT NOT NULL REFERENCES library_items(id),
  person_id TEXT NOT NULL REFERENCES people(id), state TEXT NOT NULL DEFAULT 'queued', queued_at TEXT NOT NULL,
  ready_at TEXT, expires_at TEXT, fulfilled_at TEXT, cancelled_at TEXT, created_at TEXT NOT NULL
);
CREATE INDEX IF NOT EXISTS ix_library_reservations_queue ON library_reservations(tenant_id, library_item_id, state, queued_at);
CREATE UNIQUE INDEX IF NOT EXISTS ux_library_reservations_active ON library_reservations(tenant_id, library_item_id, person_id) WHERE state IN ('queued','ready');
CREATE TABLE IF NOT EXISTS library_fines (
  id TEXT PRIMARY KEY, tenant_id TEXT NOT NULL, library_loan_id TEXT NOT NULL REFERENCES library_loans(id),
  person_id TEXT NOT NULL REFERENCES people(id), amount NUMERIC NOT NULL, reason TEXT NOT NULL, state TEXT NOT NULL DEFAULT 'open',
  issued_at TEXT NOT NULL, settled_at TEXT, settlement_reason TEXT
);
CREATE INDEX IF NOT EXISTS ix_library_fines_person ON library_fines(tenant_id, person_id, state, issued_at);
CREATE TABLE IF NOT EXISTS library_loan_events (
  id TEXT PRIMARY KEY, tenant_id TEXT NOT NULL, library_loan_id TEXT NOT NULL REFERENCES library_loans(id),
  event_type TEXT NOT NULL, payload_json TEXT NOT NULL DEFAULT '{}', actor_user_id TEXT NOT NULL, occurred_at TEXT NOT NULL
);
CREATE TABLE IF NOT EXISTS transport_route_schedules (
  id TEXT PRIMARY KEY, tenant_id TEXT NOT NULL, route_id TEXT NOT NULL REFERENCES transport_routes(id),
  weekdays_json TEXT NOT NULL DEFAULT '[]', outbound_time TEXT, return_time TEXT, valid_from TEXT NOT NULL, valid_until TEXT,
  state TEXT NOT NULL DEFAULT 'active', created_by TEXT NOT NULL, created_at TEXT NOT NULL, updated_at TEXT NOT NULL
);
CREATE TABLE IF NOT EXISTS transport_trip_events (
  id TEXT PRIMARY KEY, tenant_id TEXT NOT NULL, route_id TEXT NOT NULL REFERENCES transport_routes(id),
  rider_id TEXT NOT NULL REFERENCES transport_riders(id), student_id TEXT NOT NULL REFERENCES students(id),
  event_type TEXT NOT NULL, stop_name TEXT, occurred_at TEXT NOT NULL, device_id TEXT, location_json TEXT NOT NULL DEFAULT '{}',
  idempotency_key TEXT NOT NULL, actor_user_id TEXT NOT NULL, created_at TEXT NOT NULL, UNIQUE(tenant_id, idempotency_key)
);
CREATE INDEX IF NOT EXISTS ix_transport_trip_events_student ON transport_trip_events(tenant_id, student_id, occurred_at);
CREATE TABLE IF NOT EXISTS transport_occurrences (
  id TEXT PRIMARY KEY, tenant_id TEXT NOT NULL, route_id TEXT NOT NULL REFERENCES transport_routes(id),
  student_id TEXT REFERENCES students(id), occurrence_type TEXT NOT NULL, description TEXT NOT NULL, severity TEXT NOT NULL DEFAULT 'normal',
  state TEXT NOT NULL DEFAULT 'open', reported_by TEXT NOT NULL, reported_at TEXT NOT NULL, resolved_by TEXT, resolved_at TEXT, resolution TEXT
);
CREATE TABLE IF NOT EXISTS health_incidents (
  id TEXT PRIMARY KEY, tenant_id TEXT NOT NULL, person_id TEXT NOT NULL REFERENCES people(id),
  incident_type TEXT NOT NULL, occurred_at TEXT NOT NULL, location TEXT, summary TEXT NOT NULL, first_aid_json TEXT NOT NULL DEFAULT '{}',
  referred_to TEXT, guardian_notified_at TEXT, state TEXT NOT NULL DEFAULT 'open', reported_by TEXT NOT NULL,
  created_at TEXT NOT NULL, updated_at TEXT NOT NULL, closed_at TEXT, closed_by TEXT
);
CREATE TABLE IF NOT EXISTS medication_authorizations (
  id TEXT PRIMARY KEY, tenant_id TEXT NOT NULL, person_id TEXT NOT NULL REFERENCES people(id),
  medication_name TEXT NOT NULL, dosage TEXT NOT NULL, instructions TEXT NOT NULL, starts_on TEXT NOT NULL, ends_on TEXT,
  prescriber TEXT, guardian_person_id TEXT REFERENCES people(id), consent_document_id TEXT,
  state TEXT NOT NULL DEFAULT 'active', created_by TEXT NOT NULL, created_at TEXT NOT NULL, updated_at TEXT NOT NULL
);
CREATE TABLE IF NOT EXISTS medication_administrations (
  id TEXT PRIMARY KEY, tenant_id TEXT NOT NULL, authorization_id TEXT NOT NULL REFERENCES medication_authorizations(id),
  person_id TEXT NOT NULL REFERENCES people(id), administered_at TEXT NOT NULL, dosage TEXT NOT NULL, notes TEXT,
  administered_by TEXT NOT NULL, idempotency_key TEXT NOT NULL, created_at TEXT NOT NULL, UNIQUE(tenant_id, idempotency_key)
);;

ALTER TABLE library_policies ENABLE ROW LEVEL SECURITY;

DROP POLICY IF EXISTS pige360_tenant_isolation ON library_policies;

CREATE POLICY pige360_tenant_isolation ON library_policies USING (tenant_id = current_setting('app.tenant_id', true)) WITH CHECK (tenant_id = current_setting('app.tenant_id', true));

ALTER TABLE library_reservations ENABLE ROW LEVEL SECURITY;

DROP POLICY IF EXISTS pige360_tenant_isolation ON library_reservations;

CREATE POLICY pige360_tenant_isolation ON library_reservations USING (tenant_id = current_setting('app.tenant_id', true)) WITH CHECK (tenant_id = current_setting('app.tenant_id', true));

ALTER TABLE library_fines ENABLE ROW LEVEL SECURITY;

DROP POLICY IF EXISTS pige360_tenant_isolation ON library_fines;

CREATE POLICY pige360_tenant_isolation ON library_fines USING (tenant_id = current_setting('app.tenant_id', true)) WITH CHECK (tenant_id = current_setting('app.tenant_id', true));

ALTER TABLE library_loan_events ENABLE ROW LEVEL SECURITY;

DROP POLICY IF EXISTS pige360_tenant_isolation ON library_loan_events;

CREATE POLICY pige360_tenant_isolation ON library_loan_events USING (tenant_id = current_setting('app.tenant_id', true)) WITH CHECK (tenant_id = current_setting('app.tenant_id', true));

ALTER TABLE transport_route_schedules ENABLE ROW LEVEL SECURITY;

DROP POLICY IF EXISTS pige360_tenant_isolation ON transport_route_schedules;

CREATE POLICY pige360_tenant_isolation ON transport_route_schedules USING (tenant_id = current_setting('app.tenant_id', true)) WITH CHECK (tenant_id = current_setting('app.tenant_id', true));

ALTER TABLE transport_trip_events ENABLE ROW LEVEL SECURITY;

DROP POLICY IF EXISTS pige360_tenant_isolation ON transport_trip_events;

CREATE POLICY pige360_tenant_isolation ON transport_trip_events USING (tenant_id = current_setting('app.tenant_id', true)) WITH CHECK (tenant_id = current_setting('app.tenant_id', true));

ALTER TABLE transport_occurrences ENABLE ROW LEVEL SECURITY;

DROP POLICY IF EXISTS pige360_tenant_isolation ON transport_occurrences;

CREATE POLICY pige360_tenant_isolation ON transport_occurrences USING (tenant_id = current_setting('app.tenant_id', true)) WITH CHECK (tenant_id = current_setting('app.tenant_id', true));

ALTER TABLE health_incidents ENABLE ROW LEVEL SECURITY;

DROP POLICY IF EXISTS pige360_tenant_isolation ON health_incidents;

CREATE POLICY pige360_tenant_isolation ON health_incidents USING (tenant_id = current_setting('app.tenant_id', true)) WITH CHECK (tenant_id = current_setting('app.tenant_id', true));

ALTER TABLE medication_authorizations ENABLE ROW LEVEL SECURITY;

DROP POLICY IF EXISTS pige360_tenant_isolation ON medication_authorizations;

CREATE POLICY pige360_tenant_isolation ON medication_authorizations USING (tenant_id = current_setting('app.tenant_id', true)) WITH CHECK (tenant_id = current_setting('app.tenant_id', true));

ALTER TABLE medication_administrations ENABLE ROW LEVEL SECURITY;

DROP POLICY IF EXISTS pige360_tenant_isolation ON medication_administrations;

CREATE POLICY pige360_tenant_isolation ON medication_administrations USING (tenant_id = current_setting('app.tenant_id', true)) WITH CHECK (tenant_id = current_setting('app.tenant_id', true));

UPDATE alembic_version SET version_num='0016_student_services' WHERE alembic_version.version_num = '0015_workflows';

COMMIT;

BEGIN;

INFO  [alembic.runtime.migration] Running upgrade 0016_student_services -> 0017_personnel_timekeeping, Departamento pessoal, férias, benefícios e fechamento/ajustes do ponto.
-- Running upgrade 0016_student_services -> 0017_personnel_timekeeping

CREATE TABLE IF NOT EXISTS employee_benefits (
  id TEXT PRIMARY KEY, tenant_id TEXT NOT NULL, employee_id TEXT NOT NULL REFERENCES employees(id),
  benefit_type TEXT NOT NULL, provider TEXT, amount NUMERIC NOT NULL DEFAULT 0,
  starts_on TEXT NOT NULL, ends_on TEXT, state TEXT NOT NULL DEFAULT 'active', version INTEGER NOT NULL DEFAULT 1,
  metadata_json TEXT NOT NULL DEFAULT '{}', created_by TEXT NOT NULL, created_at TEXT NOT NULL, updated_at TEXT NOT NULL
);
CREATE TABLE IF NOT EXISTS personnel_leaves (
  id TEXT PRIMARY KEY, tenant_id TEXT NOT NULL, employee_id TEXT NOT NULL REFERENCES employees(id),
  leave_type TEXT NOT NULL, starts_on TEXT NOT NULL, ends_on TEXT NOT NULL, reason TEXT NOT NULL,
  deduct_payroll INTEGER NOT NULL DEFAULT 0, deduct_timekeeping INTEGER NOT NULL DEFAULT 1,
  document_id TEXT, state TEXT NOT NULL DEFAULT 'submitted', version INTEGER NOT NULL DEFAULT 1,
  requested_by TEXT NOT NULL, approved_by TEXT, approved_at TEXT, rejection_reason TEXT,
  created_at TEXT NOT NULL, updated_at TEXT NOT NULL
);
CREATE TABLE IF NOT EXISTS vacation_periods (
  id TEXT PRIMARY KEY, tenant_id TEXT NOT NULL, employee_id TEXT NOT NULL REFERENCES employees(id),
  accrual_start TEXT NOT NULL, accrual_end TEXT NOT NULL, scheduled_start TEXT NOT NULL, scheduled_end TEXT NOT NULL,
  days INTEGER NOT NULL, state TEXT NOT NULL DEFAULT 'scheduled', version INTEGER NOT NULL DEFAULT 1,
  approved_by TEXT, approved_at TEXT, cancellation_reason TEXT, created_by TEXT NOT NULL,
  created_at TEXT NOT NULL, updated_at TEXT NOT NULL
);
CREATE TABLE IF NOT EXISTS timekeeping_adjustments (
  id TEXT PRIMARY KEY, tenant_id TEXT NOT NULL, employee_id TEXT NOT NULL REFERENCES employees(id),
  time_entry_id TEXT REFERENCES time_entries(id), requested_event_type TEXT NOT NULL, requested_occurred_at TEXT NOT NULL,
  reason TEXT NOT NULL, state TEXT NOT NULL DEFAULT 'submitted', version INTEGER NOT NULL DEFAULT 1,
  requested_by TEXT NOT NULL, reviewed_by TEXT, reviewed_at TEXT, review_reason TEXT,
  replacement_entry_id TEXT REFERENCES time_entries(id), created_at TEXT NOT NULL, updated_at TEXT NOT NULL
);
CREATE TABLE IF NOT EXISTS timekeeping_period_closures (
  id TEXT PRIMARY KEY, tenant_id TEXT NOT NULL, competence TEXT NOT NULL,
  state TEXT NOT NULL DEFAULT 'closed', version INTEGER NOT NULL DEFAULT 1,
  closed_by TEXT NOT NULL, closed_at TEXT NOT NULL, reopened_by TEXT, reopened_at TEXT, reopen_reason TEXT,
  created_at TEXT NOT NULL, updated_at TEXT NOT NULL, UNIQUE(tenant_id, competence)
);
CREATE INDEX IF NOT EXISTS ix_personnel_leaves_employee ON personnel_leaves(tenant_id, employee_id, starts_on, ends_on, state);
CREATE INDEX IF NOT EXISTS ix_vacation_periods_employee ON vacation_periods(tenant_id, employee_id, scheduled_start, scheduled_end, state);
CREATE INDEX IF NOT EXISTS ix_timekeeping_adjustments_employee ON timekeeping_adjustments(tenant_id, employee_id, state, created_at);;

ALTER TABLE employee_benefits ENABLE ROW LEVEL SECURITY;

DROP POLICY IF EXISTS pige360_tenant_isolation ON employee_benefits;

CREATE POLICY pige360_tenant_isolation ON employee_benefits USING (tenant_id = current_setting('app.tenant_id', true)) WITH CHECK (tenant_id = current_setting('app.tenant_id', true));

ALTER TABLE personnel_leaves ENABLE ROW LEVEL SECURITY;

DROP POLICY IF EXISTS pige360_tenant_isolation ON personnel_leaves;

CREATE POLICY pige360_tenant_isolation ON personnel_leaves USING (tenant_id = current_setting('app.tenant_id', true)) WITH CHECK (tenant_id = current_setting('app.tenant_id', true));

ALTER TABLE vacation_periods ENABLE ROW LEVEL SECURITY;

DROP POLICY IF EXISTS pige360_tenant_isolation ON vacation_periods;

CREATE POLICY pige360_tenant_isolation ON vacation_periods USING (tenant_id = current_setting('app.tenant_id', true)) WITH CHECK (tenant_id = current_setting('app.tenant_id', true));

ALTER TABLE timekeeping_adjustments ENABLE ROW LEVEL SECURITY;

DROP POLICY IF EXISTS pige360_tenant_isolation ON timekeeping_adjustments;

CREATE POLICY pige360_tenant_isolation ON timekeeping_adjustments USING (tenant_id = current_setting('app.tenant_id', true)) WITH CHECK (tenant_id = current_setting('app.tenant_id', true));

ALTER TABLE timekeeping_period_closures ENABLE ROW LEVEL SECURITY;

DROP POLICY IF EXISTS pige360_tenant_isolation ON timekeeping_period_closures;

CREATE POLICY pige360_tenant_isolation ON timekeeping_period_closures USING (tenant_id = current_setting('app.tenant_id', true)) WITH CHECK (tenant_id = current_setting('app.tenant_id', true));

UPDATE alembic_version SET version_num='0017_personnel_timekeeping' WHERE alembic_version.version_num = '0016_student_services';

COMMIT;

BEGIN;

INFO  [alembic.runtime.migration] Running upgrade 0017_personnel_timekeeping -> 0018_sales_inventory_operations, Operações avançadas de estoque, vendas, PDV, compras e patrimônio.
-- Running upgrade 0017_personnel_timekeeping -> 0018_sales_inventory_operations

CREATE TABLE IF NOT EXISTS stock_transfers (
  id TEXT PRIMARY KEY, tenant_id TEXT NOT NULL, from_warehouse TEXT NOT NULL, to_warehouse TEXT NOT NULL,
  state TEXT NOT NULL DEFAULT 'completed', reason TEXT NOT NULL, created_by TEXT NOT NULL, created_at TEXT NOT NULL, completed_at TEXT
);
CREATE TABLE IF NOT EXISTS stock_transfer_items (
  id TEXT PRIMARY KEY, tenant_id TEXT NOT NULL, stock_transfer_id TEXT NOT NULL REFERENCES stock_transfers(id),
  product_id TEXT NOT NULL REFERENCES products(id), quantity NUMERIC NOT NULL, created_at TEXT NOT NULL
);
CREATE TABLE IF NOT EXISTS inventory_counts (
  id TEXT PRIMARY KEY, tenant_id TEXT NOT NULL, warehouse TEXT NOT NULL, state TEXT NOT NULL DEFAULT 'draft',
  reason TEXT, created_by TEXT NOT NULL, approved_by TEXT, created_at TEXT NOT NULL, finalized_at TEXT
);
CREATE TABLE IF NOT EXISTS inventory_count_items (
  id TEXT PRIMARY KEY, tenant_id TEXT NOT NULL, inventory_count_id TEXT NOT NULL REFERENCES inventory_counts(id),
  product_id TEXT NOT NULL REFERENCES products(id), expected_quantity NUMERIC NOT NULL, counted_quantity NUMERIC NOT NULL,
  difference NUMERIC NOT NULL, movement_id TEXT, created_at TEXT NOT NULL, UNIQUE(inventory_count_id, product_id)
);
CREATE TABLE IF NOT EXISTS sale_returns (
  id TEXT PRIMARY KEY, tenant_id TEXT NOT NULL, sale_id TEXT NOT NULL REFERENCES sales(id), total_amount NUMERIC NOT NULL,
  refund_method TEXT NOT NULL, state TEXT NOT NULL DEFAULT 'completed', reason TEXT NOT NULL, created_by TEXT NOT NULL, created_at TEXT NOT NULL
);
CREATE TABLE IF NOT EXISTS sale_return_items (
  id TEXT PRIMARY KEY, tenant_id TEXT NOT NULL, sale_return_id TEXT NOT NULL REFERENCES sale_returns(id),
  sale_item_id TEXT NOT NULL REFERENCES sale_items(id), product_id TEXT NOT NULL REFERENCES products(id), quantity NUMERIC NOT NULL,
  amount NUMERIC NOT NULL, created_at TEXT NOT NULL
);
CREATE TABLE IF NOT EXISTS sale_refunds (
  id TEXT PRIMARY KEY, tenant_id TEXT NOT NULL, sale_return_id TEXT NOT NULL REFERENCES sale_returns(id),
  method TEXT NOT NULL, amount NUMERIC NOT NULL, state TEXT NOT NULL, external_reference TEXT, created_at TEXT NOT NULL
);
CREATE TABLE IF NOT EXISTS cash_movements (
  id TEXT PRIMARY KEY, tenant_id TEXT NOT NULL, cash_session_id TEXT NOT NULL REFERENCES cash_sessions(id),
  movement_type TEXT NOT NULL, amount NUMERIC NOT NULL, reason TEXT NOT NULL, created_by TEXT NOT NULL, created_at TEXT NOT NULL
);
CREATE TABLE IF NOT EXISTS purchase_receipts (
  id TEXT PRIMARY KEY, tenant_id TEXT NOT NULL, purchase_order_id TEXT NOT NULL REFERENCES purchase_orders(id),
  state TEXT NOT NULL DEFAULT 'received', reason TEXT NOT NULL, created_by TEXT NOT NULL, received_at TEXT NOT NULL
);
CREATE TABLE IF NOT EXISTS purchase_receipt_items (
  id TEXT PRIMARY KEY, tenant_id TEXT NOT NULL, purchase_receipt_id TEXT NOT NULL REFERENCES purchase_receipts(id),
  purchase_order_item_id TEXT NOT NULL REFERENCES purchase_order_items(id), product_id TEXT NOT NULL REFERENCES products(id),
  quantity NUMERIC NOT NULL, unit_cost NUMERIC NOT NULL, created_at TEXT NOT NULL
);
CREATE TABLE IF NOT EXISTS asset_events (
  id TEXT PRIMARY KEY, tenant_id TEXT NOT NULL, asset_id TEXT NOT NULL REFERENCES assets(id), event_type TEXT NOT NULL,
  from_location TEXT, to_location TEXT, responsible_person_id TEXT REFERENCES people(id), cost NUMERIC, notes TEXT,
  state TEXT NOT NULL DEFAULT 'completed', occurred_at TEXT NOT NULL, created_by TEXT NOT NULL
);
CREATE INDEX IF NOT EXISTS ix_stock_movements_product_time ON stock_movements(tenant_id,product_id,occurred_at);
CREATE INDEX IF NOT EXISTS ix_sale_returns_sale ON sale_returns(tenant_id,sale_id,created_at);
CREATE INDEX IF NOT EXISTS ix_asset_events_asset ON asset_events(tenant_id,asset_id,occurred_at);;

ALTER TABLE stock_transfers ENABLE ROW LEVEL SECURITY;

DROP POLICY IF EXISTS pige360_tenant_isolation ON stock_transfers;

CREATE POLICY pige360_tenant_isolation ON stock_transfers USING (tenant_id = current_setting('app.tenant_id', true)) WITH CHECK (tenant_id = current_setting('app.tenant_id', true));

ALTER TABLE stock_transfer_items ENABLE ROW LEVEL SECURITY;

DROP POLICY IF EXISTS pige360_tenant_isolation ON stock_transfer_items;

CREATE POLICY pige360_tenant_isolation ON stock_transfer_items USING (tenant_id = current_setting('app.tenant_id', true)) WITH CHECK (tenant_id = current_setting('app.tenant_id', true));

ALTER TABLE inventory_counts ENABLE ROW LEVEL SECURITY;

DROP POLICY IF EXISTS pige360_tenant_isolation ON inventory_counts;

CREATE POLICY pige360_tenant_isolation ON inventory_counts USING (tenant_id = current_setting('app.tenant_id', true)) WITH CHECK (tenant_id = current_setting('app.tenant_id', true));

ALTER TABLE inventory_count_items ENABLE ROW LEVEL SECURITY;

DROP POLICY IF EXISTS pige360_tenant_isolation ON inventory_count_items;

CREATE POLICY pige360_tenant_isolation ON inventory_count_items USING (tenant_id = current_setting('app.tenant_id', true)) WITH CHECK (tenant_id = current_setting('app.tenant_id', true));

ALTER TABLE sale_returns ENABLE ROW LEVEL SECURITY;

DROP POLICY IF EXISTS pige360_tenant_isolation ON sale_returns;

CREATE POLICY pige360_tenant_isolation ON sale_returns USING (tenant_id = current_setting('app.tenant_id', true)) WITH CHECK (tenant_id = current_setting('app.tenant_id', true));

ALTER TABLE sale_return_items ENABLE ROW LEVEL SECURITY;

DROP POLICY IF EXISTS pige360_tenant_isolation ON sale_return_items;

CREATE POLICY pige360_tenant_isolation ON sale_return_items USING (tenant_id = current_setting('app.tenant_id', true)) WITH CHECK (tenant_id = current_setting('app.tenant_id', true));

ALTER TABLE sale_refunds ENABLE ROW LEVEL SECURITY;

DROP POLICY IF EXISTS pige360_tenant_isolation ON sale_refunds;

CREATE POLICY pige360_tenant_isolation ON sale_refunds USING (tenant_id = current_setting('app.tenant_id', true)) WITH CHECK (tenant_id = current_setting('app.tenant_id', true));

ALTER TABLE cash_movements ENABLE ROW LEVEL SECURITY;

DROP POLICY IF EXISTS pige360_tenant_isolation ON cash_movements;

CREATE POLICY pige360_tenant_isolation ON cash_movements USING (tenant_id = current_setting('app.tenant_id', true)) WITH CHECK (tenant_id = current_setting('app.tenant_id', true));

ALTER TABLE purchase_receipts ENABLE ROW LEVEL SECURITY;

DROP POLICY IF EXISTS pige360_tenant_isolation ON purchase_receipts;

CREATE POLICY pige360_tenant_isolation ON purchase_receipts USING (tenant_id = current_setting('app.tenant_id', true)) WITH CHECK (tenant_id = current_setting('app.tenant_id', true));

ALTER TABLE purchase_receipt_items ENABLE ROW LEVEL SECURITY;

DROP POLICY IF EXISTS pige360_tenant_isolation ON purchase_receipt_items;

CREATE POLICY pige360_tenant_isolation ON purchase_receipt_items USING (tenant_id = current_setting('app.tenant_id', true)) WITH CHECK (tenant_id = current_setting('app.tenant_id', true));

ALTER TABLE asset_events ENABLE ROW LEVEL SECURITY;

DROP POLICY IF EXISTS pige360_tenant_isolation ON asset_events;

CREATE POLICY pige360_tenant_isolation ON asset_events USING (tenant_id = current_setting('app.tenant_id', true)) WITH CHECK (tenant_id = current_setting('app.tenant_id', true));

UPDATE alembic_version SET version_num='0018_sales_inventory_operations' WHERE alembic_version.version_num = '0017_personnel_timekeeping';

COMMIT;

BEGIN;

INFO  [alembic.runtime.migration] Running upgrade 0018_sales_inventory_operations -> 0019_financial_lifecycle, Refunds, financial renegotiation and bank reconciliation support.
-- Running upgrade 0018_sales_inventory_operations -> 0019_financial_lifecycle

CREATE TABLE IF NOT EXISTS payment_refunds (
  id TEXT PRIMARY KEY, tenant_id TEXT NOT NULL, payment_id TEXT NOT NULL REFERENCES payments(id), amount NUMERIC NOT NULL,
  method TEXT NOT NULL, reason TEXT NOT NULL, state TEXT NOT NULL DEFAULT 'confirmed', external_reference TEXT,
  created_by TEXT NOT NULL, created_at TEXT NOT NULL
);
CREATE TABLE IF NOT EXISTS payment_refund_allocations (
  id TEXT PRIMARY KEY, tenant_id TEXT NOT NULL, payment_refund_id TEXT NOT NULL REFERENCES payment_refunds(id),
  installment_id TEXT NOT NULL REFERENCES installments(id), amount NUMERIC NOT NULL, created_at TEXT NOT NULL,
  UNIQUE(payment_refund_id, installment_id)
);
CREATE TABLE IF NOT EXISTS financial_renegotiations (
  id TEXT PRIMARY KEY, tenant_id TEXT NOT NULL, original_contract_id TEXT NOT NULL REFERENCES financial_contracts(id),
  new_contract_id TEXT REFERENCES financial_contracts(id), original_open_amount NUMERIC NOT NULL, new_total_amount NUMERIC NOT NULL,
  reason TEXT NOT NULL, state TEXT NOT NULL DEFAULT 'completed', terms_json TEXT NOT NULL DEFAULT '{}',
  created_by TEXT NOT NULL, created_at TEXT NOT NULL
);
CREATE INDEX IF NOT EXISTS ix_payment_refunds_payment ON payment_refunds(tenant_id,payment_id,created_at);
CREATE INDEX IF NOT EXISTS ix_renegotiations_contract ON financial_renegotiations(tenant_id,original_contract_id,created_at);;

ALTER TABLE payment_refunds ENABLE ROW LEVEL SECURITY;

DROP POLICY IF EXISTS pige360_tenant_isolation ON payment_refunds;

CREATE POLICY pige360_tenant_isolation ON payment_refunds USING (tenant_id = current_setting('app.tenant_id', true)) WITH CHECK (tenant_id = current_setting('app.tenant_id', true));

ALTER TABLE payment_refund_allocations ENABLE ROW LEVEL SECURITY;

DROP POLICY IF EXISTS pige360_tenant_isolation ON payment_refund_allocations;

CREATE POLICY pige360_tenant_isolation ON payment_refund_allocations USING (tenant_id = current_setting('app.tenant_id', true)) WITH CHECK (tenant_id = current_setting('app.tenant_id', true));

ALTER TABLE financial_renegotiations ENABLE ROW LEVEL SECURITY;

DROP POLICY IF EXISTS pige360_tenant_isolation ON financial_renegotiations;

CREATE POLICY pige360_tenant_isolation ON financial_renegotiations USING (tenant_id = current_setting('app.tenant_id', true)) WITH CHECK (tenant_id = current_setting('app.tenant_id', true));

UPDATE alembic_version SET version_num='0019_financial_lifecycle' WHERE alembic_version.version_num = '0018_sales_inventory_operations';

COMMIT;

BEGIN;

INFO  [alembic.runtime.migration] Running upgrade 0019_financial_lifecycle -> 0020_banking_reconciliation, Bank transaction reconciliation metadata.
-- Running upgrade 0019_financial_lifecycle -> 0020_banking_reconciliation

ALTER TABLE bank_transactions ADD COLUMN matched_at TEXT;

ALTER TABLE bank_transactions ADD COLUMN matched_by TEXT;

ALTER TABLE bank_transactions ADD COLUMN reconciliation_reason TEXT;

CREATE INDEX ix_bank_transactions_reconciliation ON bank_transactions (tenant_id, state, payment_id, posted_at);

UPDATE alembic_version SET version_num='0020_banking_reconciliation' WHERE alembic_version.version_num = '0019_financial_lifecycle';

COMMIT;

BEGIN;

INFO  [alembic.runtime.migration] Running upgrade 0020_banking_reconciliation -> 0021_secretary_enrollment_lifecycle, Secretary admission and enrollment lifecycle history.
-- Running upgrade 0020_banking_reconciliation -> 0021_secretary_enrollment_lifecycle

CREATE TABLE admission_candidate_events (
    id TEXT NOT NULL, 
    tenant_id TEXT NOT NULL, 
    candidate_id TEXT NOT NULL, 
    event_type TEXT NOT NULL, 
    from_state TEXT, 
    to_state TEXT, 
    reason TEXT, 
    payload_json TEXT DEFAULT '{}' NOT NULL, 
    actor_id TEXT NOT NULL, 
    occurred_at TEXT NOT NULL, 
    PRIMARY KEY (id), 
    FOREIGN KEY(candidate_id) REFERENCES admission_candidates (id)
);

CREATE TABLE enrollment_movements (
    id TEXT NOT NULL, 
    tenant_id TEXT NOT NULL, 
    enrollment_id TEXT NOT NULL, 
    movement_type TEXT NOT NULL, 
    from_state TEXT, 
    to_state TEXT, 
    from_unit_id TEXT, 
    to_unit_id TEXT, 
    from_class_group_id TEXT, 
    to_class_group_id TEXT, 
    effective_on TEXT NOT NULL, 
    reason TEXT NOT NULL, 
    payload_json TEXT DEFAULT '{}' NOT NULL, 
    actor_id TEXT NOT NULL, 
    occurred_at TEXT NOT NULL, 
    PRIMARY KEY (id), 
    FOREIGN KEY(enrollment_id) REFERENCES enrollments (id)
);

CREATE INDEX ix_admission_candidate_events ON admission_candidate_events (tenant_id, candidate_id, occurred_at);

CREATE INDEX ix_enrollment_movements ON enrollment_movements (tenant_id, enrollment_id, effective_on, occurred_at);

ALTER TABLE admission_candidate_events ENABLE ROW LEVEL SECURITY;

DROP POLICY IF EXISTS pige360_tenant_isolation ON admission_candidate_events;

CREATE POLICY pige360_tenant_isolation ON admission_candidate_events USING (tenant_id = current_setting('app.tenant_id', true)) WITH CHECK (tenant_id = current_setting('app.tenant_id', true));

ALTER TABLE enrollment_movements ENABLE ROW LEVEL SECURITY;

DROP POLICY IF EXISTS pige360_tenant_isolation ON enrollment_movements;

CREATE POLICY pige360_tenant_isolation ON enrollment_movements USING (tenant_id = current_setting('app.tenant_id', true)) WITH CHECK (tenant_id = current_setting('app.tenant_id', true));

UPDATE alembic_version SET version_num='0021_secretary_enrollment_lifecycle' WHERE alembic_version.version_num = '0020_banking_reconciliation';

COMMIT;

BEGIN;

INFO  [alembic.runtime.migration] Running upgrade 0021_secretary_enrollment_lifecycle -> 0022_canteen_wallet_policies, Canteen menus, student wallets, restrictions and subsidies.
-- Running upgrade 0021_secretary_enrollment_lifecycle -> 0022_canteen_wallet_policies

CREATE TABLE canteen_locations (
    id TEXT NOT NULL, 
    tenant_id TEXT NOT NULL, 
    unit_id TEXT, 
    code TEXT NOT NULL, 
    name TEXT NOT NULL, 
    state TEXT DEFAULT 'active' NOT NULL, 
    created_at TEXT NOT NULL, 
    updated_at TEXT NOT NULL, 
    PRIMARY KEY (id), 
    FOREIGN KEY(unit_id) REFERENCES units (id), 
    UNIQUE (tenant_id, code)
);

CREATE TABLE canteen_menus (
    id TEXT NOT NULL, 
    tenant_id TEXT NOT NULL, 
    canteen_location_id TEXT NOT NULL, 
    name TEXT NOT NULL, 
    starts_on TEXT, 
    ends_on TEXT, 
    state TEXT DEFAULT 'draft' NOT NULL, 
    version INTEGER DEFAULT '1' NOT NULL, 
    created_at TEXT NOT NULL, 
    updated_at TEXT NOT NULL, 
    PRIMARY KEY (id), 
    FOREIGN KEY(canteen_location_id) REFERENCES canteen_locations (id)
);

CREATE TABLE canteen_menu_items (
    id TEXT NOT NULL, 
    tenant_id TEXT NOT NULL, 
    canteen_menu_id TEXT NOT NULL, 
    product_id TEXT NOT NULL, 
    price_override NUMERIC, 
    available_from TEXT, 
    available_until TEXT, 
    state TEXT DEFAULT 'active' NOT NULL, 
    created_at TEXT NOT NULL, 
    PRIMARY KEY (id), 
    FOREIGN KEY(canteen_menu_id) REFERENCES canteen_menus (id), 
    FOREIGN KEY(product_id) REFERENCES products (id), 
    UNIQUE (canteen_menu_id, product_id)
);

CREATE TABLE student_wallets (
    id TEXT NOT NULL, 
    tenant_id TEXT NOT NULL, 
    student_id TEXT NOT NULL, 
    balance NUMERIC DEFAULT '0' NOT NULL, 
    daily_limit NUMERIC, 
    weekly_limit NUMERIC, 
    state TEXT DEFAULT 'active' NOT NULL, 
    version INTEGER DEFAULT '1' NOT NULL, 
    created_at TEXT NOT NULL, 
    updated_at TEXT NOT NULL, 
    PRIMARY KEY (id), 
    FOREIGN KEY(student_id) REFERENCES students (id), 
    UNIQUE (tenant_id, student_id)
);

CREATE TABLE wallet_transactions (
    id TEXT NOT NULL, 
    tenant_id TEXT NOT NULL, 
    wallet_id TEXT NOT NULL, 
    transaction_type TEXT NOT NULL, 
    amount NUMERIC NOT NULL, 
    balance_before NUMERIC NOT NULL, 
    balance_after NUMERIC NOT NULL, 
    reference_type TEXT, 
    reference_id TEXT, 
    reason TEXT, 
    created_by TEXT, 
    idempotency_key TEXT, 
    created_at TEXT NOT NULL, 
    PRIMARY KEY (id), 
    FOREIGN KEY(wallet_id) REFERENCES student_wallets (id), 
    UNIQUE (tenant_id, idempotency_key)
);

CREATE TABLE student_food_policies (
    id TEXT NOT NULL, 
    tenant_id TEXT NOT NULL, 
    student_id TEXT NOT NULL, 
    blocked_allergens_json TEXT DEFAULT '[]' NOT NULL, 
    blocked_product_ids_json TEXT DEFAULT '[]' NOT NULL, 
    daily_limit NUMERIC, 
    weekly_limit NUMERIC, 
    purchase_start_time TEXT, 
    purchase_end_time TEXT, 
    notes TEXT, 
    state TEXT DEFAULT 'active' NOT NULL, 
    version INTEGER DEFAULT '1' NOT NULL, 
    created_by TEXT NOT NULL, 
    created_at TEXT NOT NULL, 
    updated_at TEXT NOT NULL, 
    PRIMARY KEY (id), 
    FOREIGN KEY(student_id) REFERENCES students (id), 
    UNIQUE (tenant_id, student_id)
);

CREATE TABLE canteen_subsidies (
    id TEXT NOT NULL, 
    tenant_id TEXT NOT NULL, 
    student_id TEXT NOT NULL, 
    subsidy_type TEXT NOT NULL, 
    amount NUMERIC, 
    percentage NUMERIC, 
    valid_from TEXT NOT NULL, 
    valid_until TEXT, 
    reason TEXT NOT NULL, 
    state TEXT DEFAULT 'active' NOT NULL, 
    created_by TEXT NOT NULL, 
    created_at TEXT NOT NULL, 
    updated_at TEXT NOT NULL, 
    PRIMARY KEY (id), 
    FOREIGN KEY(student_id) REFERENCES students (id)
);

CREATE INDEX ix_wallet_transactions_wallet ON wallet_transactions (tenant_id, wallet_id, created_at);

CREATE INDEX ix_food_policy_student ON student_food_policies (tenant_id, student_id, state);

CREATE INDEX ix_canteen_menu_dates ON canteen_menus (tenant_id, canteen_location_id, state, starts_on, ends_on);

ALTER TABLE canteen_locations ENABLE ROW LEVEL SECURITY;

DROP POLICY IF EXISTS pige360_tenant_isolation ON canteen_locations;

CREATE POLICY pige360_tenant_isolation ON canteen_locations USING (tenant_id = current_setting('app.tenant_id', true)) WITH CHECK (tenant_id = current_setting('app.tenant_id', true));

ALTER TABLE canteen_menus ENABLE ROW LEVEL SECURITY;

DROP POLICY IF EXISTS pige360_tenant_isolation ON canteen_menus;

CREATE POLICY pige360_tenant_isolation ON canteen_menus USING (tenant_id = current_setting('app.tenant_id', true)) WITH CHECK (tenant_id = current_setting('app.tenant_id', true));

ALTER TABLE canteen_menu_items ENABLE ROW LEVEL SECURITY;

DROP POLICY IF EXISTS pige360_tenant_isolation ON canteen_menu_items;

CREATE POLICY pige360_tenant_isolation ON canteen_menu_items USING (tenant_id = current_setting('app.tenant_id', true)) WITH CHECK (tenant_id = current_setting('app.tenant_id', true));

ALTER TABLE student_wallets ENABLE ROW LEVEL SECURITY;

DROP POLICY IF EXISTS pige360_tenant_isolation ON student_wallets;

CREATE POLICY pige360_tenant_isolation ON student_wallets USING (tenant_id = current_setting('app.tenant_id', true)) WITH CHECK (tenant_id = current_setting('app.tenant_id', true));

ALTER TABLE wallet_transactions ENABLE ROW LEVEL SECURITY;

DROP POLICY IF EXISTS pige360_tenant_isolation ON wallet_transactions;

CREATE POLICY pige360_tenant_isolation ON wallet_transactions USING (tenant_id = current_setting('app.tenant_id', true)) WITH CHECK (tenant_id = current_setting('app.tenant_id', true));

ALTER TABLE student_food_policies ENABLE ROW LEVEL SECURITY;

DROP POLICY IF EXISTS pige360_tenant_isolation ON student_food_policies;

CREATE POLICY pige360_tenant_isolation ON student_food_policies USING (tenant_id = current_setting('app.tenant_id', true)) WITH CHECK (tenant_id = current_setting('app.tenant_id', true));

ALTER TABLE canteen_subsidies ENABLE ROW LEVEL SECURITY;

DROP POLICY IF EXISTS pige360_tenant_isolation ON canteen_subsidies;

CREATE POLICY pige360_tenant_isolation ON canteen_subsidies USING (tenant_id = current_setting('app.tenant_id', true)) WITH CHECK (tenant_id = current_setting('app.tenant_id', true));

UPDATE alembic_version SET version_num='0022_canteen_wallet_policies' WHERE alembic_version.version_num = '0021_secretary_enrollment_lifecycle';

COMMIT;

BEGIN;

INFO  [alembic.runtime.migration] Running upgrade 0022_canteen_wallet_policies -> 0023_events_travel_operations, Eventos/viagens com inscrições, autorizações, passageiros, checkpoints e ocorrências.
-- Running upgrade 0022_canteen_wallet_policies -> 0023_events_travel_operations

ALTER TABLE events ADD COLUMN IF NOT EXISTS registration_fee NUMERIC NOT NULL DEFAULT 0;

ALTER TABLE events ADD COLUMN IF NOT EXISTS authorization_required INTEGER NOT NULL DEFAULT 0;

CREATE TABLE IF NOT EXISTS event_schedule_items (
      id TEXT PRIMARY KEY, tenant_id TEXT NOT NULL, event_id TEXT NOT NULL REFERENCES events(id), sequence INTEGER NOT NULL,
      title TEXT NOT NULL, starts_at TEXT NOT NULL, ends_at TEXT NOT NULL, location TEXT, description TEXT, created_at TEXT NOT NULL,
      UNIQUE(event_id,sequence));

CREATE TABLE IF NOT EXISTS event_registrations (
      id TEXT PRIMARY KEY, tenant_id TEXT NOT NULL, event_id TEXT NOT NULL REFERENCES events(id), person_id TEXT REFERENCES people(id),
      student_id TEXT REFERENCES students(id), guardian_id TEXT REFERENCES guardians(id), state TEXT NOT NULL DEFAULT 'confirmed',
      fee_amount NUMERIC NOT NULL DEFAULT 0, financial_contract_id TEXT REFERENCES financial_contracts(id), checked_in_at TEXT, checked_out_at TEXT,
      idempotency_key TEXT, created_by TEXT NOT NULL, created_at TEXT NOT NULL, updated_at TEXT NOT NULL,
      UNIQUE(tenant_id,event_id,person_id), UNIQUE(tenant_id,event_id,student_id), UNIQUE(tenant_id,idempotency_key));

CREATE TABLE IF NOT EXISTS event_authorizations (
      id TEXT PRIMARY KEY, tenant_id TEXT NOT NULL, event_registration_id TEXT NOT NULL REFERENCES event_registrations(id),
      guardian_id TEXT NOT NULL REFERENCES guardians(id), state TEXT NOT NULL DEFAULT 'pending', consent_text TEXT,
      evidence_json TEXT NOT NULL DEFAULT '{}', decided_at TEXT, created_at TEXT NOT NULL, updated_at TEXT NOT NULL,
      UNIQUE(tenant_id,event_registration_id,guardian_id));

CREATE TABLE IF NOT EXISTS trip_passengers (
      id TEXT PRIMARY KEY, tenant_id TEXT NOT NULL, trip_id TEXT NOT NULL REFERENCES trips(id), student_id TEXT NOT NULL REFERENCES students(id),
      guardian_id TEXT REFERENCES guardians(id), event_registration_id TEXT REFERENCES event_registrations(id), state TEXT NOT NULL DEFAULT 'confirmed',
      emergency_snapshot_json TEXT NOT NULL DEFAULT '{}', boarded_at TEXT, disembarked_at TEXT, created_by TEXT NOT NULL,
      created_at TEXT NOT NULL, updated_at TEXT NOT NULL, UNIQUE(tenant_id,trip_id,student_id));

CREATE TABLE IF NOT EXISTS trip_checkpoints (
      id TEXT PRIMARY KEY, tenant_id TEXT NOT NULL, trip_id TEXT NOT NULL REFERENCES trips(id), sequence INTEGER NOT NULL,
      name TEXT NOT NULL, planned_at TEXT, actual_at TEXT, state TEXT NOT NULL DEFAULT 'planned', notes TEXT,
      created_at TEXT NOT NULL, updated_at TEXT NOT NULL, UNIQUE(trip_id,sequence));

CREATE TABLE IF NOT EXISTS trip_incidents (
      id TEXT PRIMARY KEY, tenant_id TEXT NOT NULL, trip_id TEXT NOT NULL REFERENCES trips(id), passenger_id TEXT REFERENCES trip_passengers(id),
      incident_type TEXT NOT NULL, severity TEXT NOT NULL DEFAULT 'low', description TEXT NOT NULL, occurred_at TEXT NOT NULL,
      resolved_at TEXT, resolution TEXT, created_by TEXT NOT NULL, created_at TEXT NOT NULL);

ALTER TABLE "event_schedule_items" ENABLE ROW LEVEL SECURITY;

DROP POLICY IF EXISTS event_schedule_items_tenant_isolation ON "event_schedule_items";

CREATE POLICY event_schedule_items_tenant_isolation ON "event_schedule_items" USING (tenant_id = current_setting('app.tenant_id', true)) WITH CHECK (tenant_id = current_setting('app.tenant_id', true));

ALTER TABLE "event_registrations" ENABLE ROW LEVEL SECURITY;

DROP POLICY IF EXISTS event_registrations_tenant_isolation ON "event_registrations";

CREATE POLICY event_registrations_tenant_isolation ON "event_registrations" USING (tenant_id = current_setting('app.tenant_id', true)) WITH CHECK (tenant_id = current_setting('app.tenant_id', true));

ALTER TABLE "event_authorizations" ENABLE ROW LEVEL SECURITY;

DROP POLICY IF EXISTS event_authorizations_tenant_isolation ON "event_authorizations";

CREATE POLICY event_authorizations_tenant_isolation ON "event_authorizations" USING (tenant_id = current_setting('app.tenant_id', true)) WITH CHECK (tenant_id = current_setting('app.tenant_id', true));

ALTER TABLE "trip_passengers" ENABLE ROW LEVEL SECURITY;

DROP POLICY IF EXISTS trip_passengers_tenant_isolation ON "trip_passengers";

CREATE POLICY trip_passengers_tenant_isolation ON "trip_passengers" USING (tenant_id = current_setting('app.tenant_id', true)) WITH CHECK (tenant_id = current_setting('app.tenant_id', true));

ALTER TABLE "trip_checkpoints" ENABLE ROW LEVEL SECURITY;

DROP POLICY IF EXISTS trip_checkpoints_tenant_isolation ON "trip_checkpoints";

CREATE POLICY trip_checkpoints_tenant_isolation ON "trip_checkpoints" USING (tenant_id = current_setting('app.tenant_id', true)) WITH CHECK (tenant_id = current_setting('app.tenant_id', true));

ALTER TABLE "trip_incidents" ENABLE ROW LEVEL SECURITY;

DROP POLICY IF EXISTS trip_incidents_tenant_isolation ON "trip_incidents";

CREATE POLICY trip_incidents_tenant_isolation ON "trip_incidents" USING (tenant_id = current_setting('app.tenant_id', true)) WITH CHECK (tenant_id = current_setting('app.tenant_id', true));

UPDATE alembic_version SET version_num='0023_events_travel_operations' WHERE alembic_version.version_num = '0022_canteen_wallet_policies';

COMMIT;

BEGIN;

INFO  [alembic.runtime.migration] Running upgrade 0023_events_travel_operations -> 0024_canteen_sale_location, Vincula venda de cantina ao ponto de venda/cardápio físico.
-- Running upgrade 0023_events_travel_operations -> 0024_canteen_sale_location

ALTER TABLE sales ADD COLUMN IF NOT EXISTS canteen_location_id TEXT REFERENCES canteen_locations(id);

CREATE INDEX IF NOT EXISTS ix_sales_canteen_location ON sales(tenant_id,canteen_location_id,created_at);

UPDATE alembic_version SET version_num='0024_canteen_sale_location' WHERE alembic_version.version_num = '0023_events_travel_operations';

COMMIT;

BEGIN;

INFO  [alembic.runtime.migration] Running upgrade 0024_canteen_sale_location -> 0025_grading_assessments, Avaliações, notas, recuperação, resultados e fechamento pedagógico.
-- Running upgrade 0024_canteen_sale_location -> 0025_grading_assessments

CREATE TABLE IF NOT EXISTS grading_policies (
      id TEXT PRIMARY KEY,tenant_id TEXT NOT NULL,academic_year_id TEXT NOT NULL REFERENCES academic_years(id),class_group_id TEXT REFERENCES class_groups(id),component_id TEXT REFERENCES curriculum_components(id),name TEXT NOT NULL,calculation_method TEXT NOT NULL DEFAULT 'weighted_average',max_score NUMERIC NOT NULL DEFAULT 10,passing_score NUMERIC NOT NULL DEFAULT 6,attendance_minimum NUMERIC NOT NULL DEFAULT 75,rounding_precision INTEGER NOT NULL DEFAULT 2,recovery_strategy TEXT NOT NULL DEFAULT 'replace_if_higher',settings_json JSONB NOT NULL DEFAULT '{}'::jsonb,effective_from DATE NOT NULL,effective_until DATE,state TEXT NOT NULL DEFAULT 'active',version INTEGER NOT NULL DEFAULT 1,created_by TEXT,created_at TIMESTAMPTZ NOT NULL,updated_at TIMESTAMPTZ NOT NULL);

CREATE INDEX IF NOT EXISTS ix_grading_policies_scope ON grading_policies(tenant_id,academic_year_id,class_group_id,component_id,state,effective_from);

CREATE TABLE IF NOT EXISTS assessments (
      id TEXT PRIMARY KEY,tenant_id TEXT NOT NULL,academic_period_id TEXT NOT NULL REFERENCES academic_periods(id),class_group_id TEXT NOT NULL REFERENCES class_groups(id),component_id TEXT NOT NULL REFERENCES curriculum_components(id),grading_policy_id TEXT REFERENCES grading_policies(id),title TEXT NOT NULL,assessment_type TEXT NOT NULL DEFAULT 'exam',weight NUMERIC NOT NULL DEFAULT 1,max_score NUMERIC NOT NULL DEFAULT 10,due_on DATE,state TEXT NOT NULL DEFAULT 'draft',version INTEGER NOT NULL DEFAULT 1,created_by TEXT NOT NULL,created_at TIMESTAMPTZ NOT NULL,updated_at TIMESTAMPTZ NOT NULL);

CREATE INDEX IF NOT EXISTS ix_assessments_scope ON assessments(tenant_id,academic_period_id,class_group_id,component_id,state);

CREATE TABLE IF NOT EXISTS assessment_grades (
      id TEXT PRIMARY KEY,tenant_id TEXT NOT NULL,assessment_id TEXT NOT NULL REFERENCES assessments(id),enrollment_id TEXT NOT NULL REFERENCES enrollments(id),score NUMERIC,concept TEXT,status TEXT NOT NULL DEFAULT 'graded',feedback TEXT,version INTEGER NOT NULL DEFAULT 1,graded_by TEXT NOT NULL,graded_at TIMESTAMPTZ NOT NULL,updated_at TIMESTAMPTZ NOT NULL,UNIQUE(tenant_id,assessment_id,enrollment_id));

CREATE INDEX IF NOT EXISTS ix_assessment_grades_enrollment ON assessment_grades(tenant_id,enrollment_id,assessment_id);

CREATE TABLE IF NOT EXISTS assessment_grade_events (
      id TEXT PRIMARY KEY,tenant_id TEXT NOT NULL,assessment_grade_id TEXT NOT NULL REFERENCES assessment_grades(id),event_type TEXT NOT NULL,before_json JSONB NOT NULL DEFAULT '{}'::jsonb,after_json JSONB NOT NULL DEFAULT '{}'::jsonb,reason TEXT,actor_id TEXT NOT NULL,occurred_at TIMESTAMPTZ NOT NULL);

CREATE TABLE IF NOT EXISTS period_results (
      id TEXT PRIMARY KEY,tenant_id TEXT NOT NULL,academic_period_id TEXT NOT NULL REFERENCES academic_periods(id),class_group_id TEXT NOT NULL REFERENCES class_groups(id),component_id TEXT NOT NULL REFERENCES curriculum_components(id),enrollment_id TEXT NOT NULL REFERENCES enrollments(id),grading_policy_id TEXT NOT NULL REFERENCES grading_policies(id),average_score NUMERIC NOT NULL DEFAULT 0,recovery_score NUMERIC,final_score NUMERIC NOT NULL DEFAULT 0,attendance_percentage NUMERIC NOT NULL DEFAULT 100,outcome TEXT NOT NULL DEFAULT 'pending',state TEXT NOT NULL DEFAULT 'open',calculation_json JSONB NOT NULL DEFAULT '{}'::jsonb,version INTEGER NOT NULL DEFAULT 1,calculated_at TIMESTAMPTZ NOT NULL,closed_at TIMESTAMPTZ,closed_by TEXT,updated_at TIMESTAMPTZ NOT NULL,UNIQUE(tenant_id,academic_period_id,class_group_id,component_id,enrollment_id));

CREATE INDEX IF NOT EXISTS ix_period_results_student ON period_results(tenant_id,enrollment_id,academic_period_id,component_id);

CREATE TABLE IF NOT EXISTS grade_period_closures (
      id TEXT PRIMARY KEY,tenant_id TEXT NOT NULL,academic_period_id TEXT NOT NULL REFERENCES academic_periods(id),class_group_id TEXT NOT NULL REFERENCES class_groups(id),component_id TEXT NOT NULL REFERENCES curriculum_components(id),state TEXT NOT NULL DEFAULT 'closed',version INTEGER NOT NULL DEFAULT 1,reason TEXT NOT NULL,closed_by TEXT NOT NULL,closed_at TIMESTAMPTZ NOT NULL,reopened_by TEXT,reopened_at TIMESTAMPTZ,updated_at TIMESTAMPTZ NOT NULL,UNIQUE(tenant_id,academic_period_id,class_group_id,component_id));

ALTER TABLE "grading_policies" ENABLE ROW LEVEL SECURITY;

DROP POLICY IF EXISTS grading_policies_tenant_isolation ON "grading_policies";

CREATE POLICY grading_policies_tenant_isolation ON "grading_policies" USING (tenant_id = current_setting('app.tenant_id', true)) WITH CHECK (tenant_id = current_setting('app.tenant_id', true));

ALTER TABLE "assessments" ENABLE ROW LEVEL SECURITY;

DROP POLICY IF EXISTS assessments_tenant_isolation ON "assessments";

CREATE POLICY assessments_tenant_isolation ON "assessments" USING (tenant_id = current_setting('app.tenant_id', true)) WITH CHECK (tenant_id = current_setting('app.tenant_id', true));

ALTER TABLE "assessment_grades" ENABLE ROW LEVEL SECURITY;

DROP POLICY IF EXISTS assessment_grades_tenant_isolation ON "assessment_grades";

CREATE POLICY assessment_grades_tenant_isolation ON "assessment_grades" USING (tenant_id = current_setting('app.tenant_id', true)) WITH CHECK (tenant_id = current_setting('app.tenant_id', true));

ALTER TABLE "assessment_grade_events" ENABLE ROW LEVEL SECURITY;

DROP POLICY IF EXISTS assessment_grade_events_tenant_isolation ON "assessment_grade_events";

CREATE POLICY assessment_grade_events_tenant_isolation ON "assessment_grade_events" USING (tenant_id = current_setting('app.tenant_id', true)) WITH CHECK (tenant_id = current_setting('app.tenant_id', true));

ALTER TABLE "period_results" ENABLE ROW LEVEL SECURITY;

DROP POLICY IF EXISTS period_results_tenant_isolation ON "period_results";

CREATE POLICY period_results_tenant_isolation ON "period_results" USING (tenant_id = current_setting('app.tenant_id', true)) WITH CHECK (tenant_id = current_setting('app.tenant_id', true));

ALTER TABLE "grade_period_closures" ENABLE ROW LEVEL SECURITY;

DROP POLICY IF EXISTS grade_period_closures_tenant_isolation ON "grade_period_closures";

CREATE POLICY grade_period_closures_tenant_isolation ON "grade_period_closures" USING (tenant_id = current_setting('app.tenant_id', true)) WITH CHECK (tenant_id = current_setting('app.tenant_id', true));

UPDATE alembic_version SET version_num='0025_grading_assessments' WHERE alembic_version.version_num = '0024_canteen_sale_location';

COMMIT;

BEGIN;

INFO  [alembic.runtime.migration] Running upgrade 0025_grading_assessments -> 0026_education_stage_progress, Educação infantil, pré-requisitos, estágio, atividades complementares e TCC.
-- Running upgrade 0025_grading_assessments -> 0026_education_stage_progress

CREATE TABLE IF NOT EXISTS early_childhood_daily_records(id TEXT PRIMARY KEY,tenant_id TEXT NOT NULL,student_id TEXT NOT NULL REFERENCES students(id),unit_id TEXT NOT NULL REFERENCES units(id),record_date DATE NOT NULL,meals_json JSONB NOT NULL DEFAULT '[]'::jsonb,sleep_json JSONB NOT NULL DEFAULT '{}'::jsonb,hygiene_json JSONB NOT NULL DEFAULT '[]'::jsonb,diaper_changes_json JSONB NOT NULL DEFAULT '[]'::jsonb,mood TEXT,development_notes TEXT,authorized_photos_json JSONB NOT NULL DEFAULT '[]'::jsonb,state TEXT NOT NULL DEFAULT 'active',version INTEGER NOT NULL DEFAULT 1,created_by TEXT NOT NULL,created_at TIMESTAMPTZ NOT NULL,updated_at TIMESTAMPTZ NOT NULL,UNIQUE(tenant_id,student_id,record_date));

CREATE INDEX IF NOT EXISTS ix_early_childhood_daily_date ON early_childhood_daily_records(tenant_id,unit_id,record_date);

CREATE TABLE IF NOT EXISTS student_pickup_records(id TEXT PRIMARY KEY,tenant_id TEXT NOT NULL,student_id TEXT NOT NULL REFERENCES students(id),guardian_id TEXT REFERENCES guardians(id),pickup_person_name TEXT NOT NULL,relationship TEXT,identity_document_masked TEXT,released_at TIMESTAMPTZ NOT NULL,released_by TEXT NOT NULL,notes TEXT,created_at TIMESTAMPTZ NOT NULL);

CREATE INDEX IF NOT EXISTS ix_student_pickup_student ON student_pickup_records(tenant_id,student_id,released_at);

CREATE TABLE IF NOT EXISTS component_prerequisites(id TEXT PRIMARY KEY,tenant_id TEXT NOT NULL,component_id TEXT NOT NULL REFERENCES curriculum_components(id),prerequisite_component_id TEXT NOT NULL REFERENCES curriculum_components(id),minimum_final_score NUMERIC,state TEXT NOT NULL DEFAULT 'active',created_at TIMESTAMPTZ NOT NULL,UNIQUE(tenant_id,component_id,prerequisite_component_id));

CREATE TABLE IF NOT EXISTS student_component_completions(id TEXT PRIMARY KEY,tenant_id TEXT NOT NULL,enrollment_id TEXT NOT NULL REFERENCES enrollments(id),component_id TEXT NOT NULL REFERENCES curriculum_components(id),source_type TEXT NOT NULL,source_reference_id TEXT,final_score NUMERIC,credits_awarded NUMERIC,workload_hours_awarded NUMERIC,completed_on DATE NOT NULL,state TEXT NOT NULL DEFAULT 'approved',reason TEXT,approved_by TEXT NOT NULL,created_at TIMESTAMPTZ NOT NULL,UNIQUE(tenant_id,enrollment_id,component_id,state));

CREATE TABLE IF NOT EXISTS internships(id TEXT PRIMARY KEY,tenant_id TEXT NOT NULL,enrollment_id TEXT NOT NULL REFERENCES enrollments(id),organization_name TEXT NOT NULL,supervisor_name TEXT,advisor_employee_id TEXT REFERENCES employees(id),starts_on DATE NOT NULL,ends_on DATE,required_hours NUMERIC NOT NULL DEFAULT 0,completed_hours NUMERIC NOT NULL DEFAULT 0,state TEXT NOT NULL DEFAULT 'draft',version INTEGER NOT NULL DEFAULT 1,notes TEXT,created_by TEXT NOT NULL,created_at TIMESTAMPTZ NOT NULL,updated_at TIMESTAMPTZ NOT NULL);

CREATE TABLE IF NOT EXISTS internship_hour_logs(id TEXT PRIMARY KEY,tenant_id TEXT NOT NULL,internship_id TEXT NOT NULL REFERENCES internships(id),activity_date DATE NOT NULL,hours NUMERIC NOT NULL,description TEXT NOT NULL,state TEXT NOT NULL DEFAULT 'approved',recorded_by TEXT NOT NULL,created_at TIMESTAMPTZ NOT NULL);

CREATE TABLE IF NOT EXISTS complementary_activities(id TEXT PRIMARY KEY,tenant_id TEXT NOT NULL,enrollment_id TEXT NOT NULL REFERENCES enrollments(id),category TEXT NOT NULL,title TEXT NOT NULL,requested_hours NUMERIC NOT NULL,approved_hours NUMERIC NOT NULL DEFAULT 0,evidence_document_id TEXT REFERENCES documents(id),state TEXT NOT NULL DEFAULT 'submitted',review_notes TEXT,submitted_by TEXT NOT NULL,reviewed_by TEXT,submitted_at TIMESTAMPTZ NOT NULL,reviewed_at TIMESTAMPTZ);

CREATE TABLE IF NOT EXISTS theses(id TEXT PRIMARY KEY,tenant_id TEXT NOT NULL,enrollment_id TEXT NOT NULL REFERENCES enrollments(id),title TEXT NOT NULL,advisor_employee_id TEXT REFERENCES employees(id),coadvisor_name TEXT,state TEXT NOT NULL DEFAULT 'proposal',grade NUMERIC,defense_at TIMESTAMPTZ,abstract TEXT,document_id TEXT REFERENCES documents(id),version INTEGER NOT NULL DEFAULT 1,created_by TEXT NOT NULL,created_at TIMESTAMPTZ NOT NULL,updated_at TIMESTAMPTZ NOT NULL);

CREATE TABLE IF NOT EXISTS thesis_events(id TEXT PRIMARY KEY,tenant_id TEXT NOT NULL,thesis_id TEXT NOT NULL REFERENCES theses(id),event_type TEXT NOT NULL,state TEXT NOT NULL,details_json JSONB NOT NULL DEFAULT '{}'::jsonb,actor_id TEXT NOT NULL,occurred_at TIMESTAMPTZ NOT NULL);

ALTER TABLE "early_childhood_daily_records" ENABLE ROW LEVEL SECURITY;

DROP POLICY IF EXISTS early_childhood_daily_records_tenant_isolation ON "early_childhood_daily_records";

CREATE POLICY early_childhood_daily_records_tenant_isolation ON "early_childhood_daily_records" USING (tenant_id = current_setting('app.tenant_id', true)) WITH CHECK (tenant_id = current_setting('app.tenant_id', true));

ALTER TABLE "student_pickup_records" ENABLE ROW LEVEL SECURITY;

DROP POLICY IF EXISTS student_pickup_records_tenant_isolation ON "student_pickup_records";

CREATE POLICY student_pickup_records_tenant_isolation ON "student_pickup_records" USING (tenant_id = current_setting('app.tenant_id', true)) WITH CHECK (tenant_id = current_setting('app.tenant_id', true));

ALTER TABLE "component_prerequisites" ENABLE ROW LEVEL SECURITY;

DROP POLICY IF EXISTS component_prerequisites_tenant_isolation ON "component_prerequisites";

CREATE POLICY component_prerequisites_tenant_isolation ON "component_prerequisites" USING (tenant_id = current_setting('app.tenant_id', true)) WITH CHECK (tenant_id = current_setting('app.tenant_id', true));

ALTER TABLE "student_component_completions" ENABLE ROW LEVEL SECURITY;

DROP POLICY IF EXISTS student_component_completions_tenant_isolation ON "student_component_completions";

CREATE POLICY student_component_completions_tenant_isolation ON "student_component_completions" USING (tenant_id = current_setting('app.tenant_id', true)) WITH CHECK (tenant_id = current_setting('app.tenant_id', true));

ALTER TABLE "internships" ENABLE ROW LEVEL SECURITY;

DROP POLICY IF EXISTS internships_tenant_isolation ON "internships";

CREATE POLICY internships_tenant_isolation ON "internships" USING (tenant_id = current_setting('app.tenant_id', true)) WITH CHECK (tenant_id = current_setting('app.tenant_id', true));

ALTER TABLE "internship_hour_logs" ENABLE ROW LEVEL SECURITY;

DROP POLICY IF EXISTS internship_hour_logs_tenant_isolation ON "internship_hour_logs";

CREATE POLICY internship_hour_logs_tenant_isolation ON "internship_hour_logs" USING (tenant_id = current_setting('app.tenant_id', true)) WITH CHECK (tenant_id = current_setting('app.tenant_id', true));

ALTER TABLE "complementary_activities" ENABLE ROW LEVEL SECURITY;

DROP POLICY IF EXISTS complementary_activities_tenant_isolation ON "complementary_activities";

CREATE POLICY complementary_activities_tenant_isolation ON "complementary_activities" USING (tenant_id = current_setting('app.tenant_id', true)) WITH CHECK (tenant_id = current_setting('app.tenant_id', true));

ALTER TABLE "theses" ENABLE ROW LEVEL SECURITY;

DROP POLICY IF EXISTS theses_tenant_isolation ON "theses";

CREATE POLICY theses_tenant_isolation ON "theses" USING (tenant_id = current_setting('app.tenant_id', true)) WITH CHECK (tenant_id = current_setting('app.tenant_id', true));

ALTER TABLE "thesis_events" ENABLE ROW LEVEL SECURITY;

DROP POLICY IF EXISTS thesis_events_tenant_isolation ON "thesis_events";

CREATE POLICY thesis_events_tenant_isolation ON "thesis_events" USING (tenant_id = current_setting('app.tenant_id', true)) WITH CHECK (tenant_id = current_setting('app.tenant_id', true));

UPDATE alembic_version SET version_num='0026_education_stage_progress' WHERE alembic_version.version_num = '0025_grading_assessments';

COMMIT;

BEGIN;

INFO  [alembic.runtime.migration] Running upgrade 0026_education_stage_progress -> 0027_compliance_lgpd, Compliance/LGPD: avisos, consentimentos, direitos do titular, retenção e legal hold.
-- Running upgrade 0026_education_stage_progress -> 0027_compliance_lgpd

CREATE TABLE IF NOT EXISTS privacy_notices(id TEXT PRIMARY KEY,tenant_id TEXT NOT NULL,code TEXT NOT NULL,title TEXT NOT NULL,version INTEGER NOT NULL,content TEXT NOT NULL,effective_from DATE NOT NULL,effective_until DATE,state TEXT NOT NULL DEFAULT 'draft',sha256 TEXT NOT NULL,created_by TEXT NOT NULL,published_by TEXT,published_at TIMESTAMPTZ,created_at TIMESTAMPTZ NOT NULL,updated_at TIMESTAMPTZ NOT NULL,UNIQUE(tenant_id,code,version));

CREATE TABLE IF NOT EXISTS processing_activities(id TEXT PRIMARY KEY,tenant_id TEXT NOT NULL,code TEXT NOT NULL,name TEXT NOT NULL,purpose TEXT NOT NULL,legal_basis TEXT NOT NULL,privacy_notice_code TEXT,data_categories_json JSONB NOT NULL DEFAULT '[]'::jsonb,data_subjects_json JSONB NOT NULL DEFAULT '[]'::jsonb,recipients_json JSONB NOT NULL DEFAULT '[]'::jsonb,international_transfer BOOLEAN NOT NULL DEFAULT FALSE,retention_rule TEXT,security_measures_json JSONB NOT NULL DEFAULT '[]'::jsonb,owner_department TEXT,state TEXT NOT NULL DEFAULT 'active',version INTEGER NOT NULL DEFAULT 1,created_by TEXT NOT NULL,created_at TIMESTAMPTZ NOT NULL,updated_at TIMESTAMPTZ NOT NULL,UNIQUE(tenant_id,code,version));

CREATE TABLE IF NOT EXISTS consent_records(id TEXT PRIMARY KEY,tenant_id TEXT NOT NULL,subject_person_id TEXT NOT NULL REFERENCES people(id),granted_by_person_id TEXT NOT NULL REFERENCES people(id),purpose_code TEXT NOT NULL,legal_basis TEXT NOT NULL DEFAULT 'consent',privacy_notice_id TEXT REFERENCES privacy_notices(id),channel TEXT NOT NULL,evidence_json JSONB NOT NULL DEFAULT '{}'::jsonb,state TEXT NOT NULL DEFAULT 'granted',granted_at TIMESTAMPTZ NOT NULL,revoked_at TIMESTAMPTZ,revoked_by TEXT,revocation_reason TEXT,created_by TEXT NOT NULL,created_at TIMESTAMPTZ NOT NULL,updated_at TIMESTAMPTZ NOT NULL);

CREATE INDEX IF NOT EXISTS ix_consent_subject ON consent_records(tenant_id,subject_person_id,purpose_code,state);

CREATE TABLE IF NOT EXISTS data_subject_requests(id TEXT PRIMARY KEY,tenant_id TEXT NOT NULL,protocol TEXT NOT NULL,subject_person_id TEXT NOT NULL REFERENCES people(id),requester_person_id TEXT NOT NULL REFERENCES people(id),request_type TEXT NOT NULL,description TEXT,state TEXT NOT NULL DEFAULT 'submitted',priority TEXT NOT NULL DEFAULT 'normal',due_at TIMESTAMPTZ,decision_reason TEXT,assigned_to TEXT,export_storage_key TEXT,export_sha256 TEXT,export_bytes BIGINT,exported_at TIMESTAMPTZ,fulfilled_at TIMESTAMPTZ,created_by TEXT NOT NULL,created_at TIMESTAMPTZ NOT NULL,updated_at TIMESTAMPTZ NOT NULL,UNIQUE(tenant_id,protocol));

CREATE TABLE IF NOT EXISTS data_subject_request_events(id TEXT PRIMARY KEY,tenant_id TEXT NOT NULL,request_id TEXT NOT NULL REFERENCES data_subject_requests(id),event_type TEXT NOT NULL,from_state TEXT,to_state TEXT,details_json JSONB NOT NULL DEFAULT '{}'::jsonb,actor_id TEXT NOT NULL,occurred_at TIMESTAMPTZ NOT NULL);

CREATE TABLE IF NOT EXISTS retention_policies(id TEXT PRIMARY KEY,tenant_id TEXT NOT NULL,data_category TEXT NOT NULL,purpose_code TEXT,retention_days INTEGER NOT NULL,disposition TEXT NOT NULL,legal_basis TEXT NOT NULL,starts_on DATE NOT NULL,state TEXT NOT NULL DEFAULT 'active',version INTEGER NOT NULL DEFAULT 1,created_by TEXT NOT NULL,created_at TIMESTAMPTZ NOT NULL,updated_at TIMESTAMPTZ NOT NULL);

CREATE TABLE IF NOT EXISTS legal_holds(id TEXT PRIMARY KEY,tenant_id TEXT NOT NULL,person_id TEXT REFERENCES people(id),aggregate_type TEXT,aggregate_id TEXT,reason TEXT NOT NULL,starts_at TIMESTAMPTZ NOT NULL,ends_at TIMESTAMPTZ,state TEXT NOT NULL DEFAULT 'active',created_by TEXT NOT NULL,released_by TEXT,released_at TIMESTAMPTZ,created_at TIMESTAMPTZ NOT NULL,updated_at TIMESTAMPTZ NOT NULL);

ALTER TABLE "privacy_notices" ENABLE ROW LEVEL SECURITY;

DROP POLICY IF EXISTS privacy_notices_tenant_isolation ON "privacy_notices";

CREATE POLICY privacy_notices_tenant_isolation ON "privacy_notices" USING (tenant_id = current_setting('app.tenant_id', true)) WITH CHECK (tenant_id = current_setting('app.tenant_id', true));

ALTER TABLE "processing_activities" ENABLE ROW LEVEL SECURITY;

DROP POLICY IF EXISTS processing_activities_tenant_isolation ON "processing_activities";

CREATE POLICY processing_activities_tenant_isolation ON "processing_activities" USING (tenant_id = current_setting('app.tenant_id', true)) WITH CHECK (tenant_id = current_setting('app.tenant_id', true));

ALTER TABLE "consent_records" ENABLE ROW LEVEL SECURITY;

DROP POLICY IF EXISTS consent_records_tenant_isolation ON "consent_records";

CREATE POLICY consent_records_tenant_isolation ON "consent_records" USING (tenant_id = current_setting('app.tenant_id', true)) WITH CHECK (tenant_id = current_setting('app.tenant_id', true));

ALTER TABLE "data_subject_requests" ENABLE ROW LEVEL SECURITY;

DROP POLICY IF EXISTS data_subject_requests_tenant_isolation ON "data_subject_requests";

CREATE POLICY data_subject_requests_tenant_isolation ON "data_subject_requests" USING (tenant_id = current_setting('app.tenant_id', true)) WITH CHECK (tenant_id = current_setting('app.tenant_id', true));

ALTER TABLE "data_subject_request_events" ENABLE ROW LEVEL SECURITY;

DROP POLICY IF EXISTS data_subject_request_events_tenant_isolation ON "data_subject_request_events";

CREATE POLICY data_subject_request_events_tenant_isolation ON "data_subject_request_events" USING (tenant_id = current_setting('app.tenant_id', true)) WITH CHECK (tenant_id = current_setting('app.tenant_id', true));

ALTER TABLE "retention_policies" ENABLE ROW LEVEL SECURITY;

DROP POLICY IF EXISTS retention_policies_tenant_isolation ON "retention_policies";

CREATE POLICY retention_policies_tenant_isolation ON "retention_policies" USING (tenant_id = current_setting('app.tenant_id', true)) WITH CHECK (tenant_id = current_setting('app.tenant_id', true));

ALTER TABLE "legal_holds" ENABLE ROW LEVEL SECURITY;

DROP POLICY IF EXISTS legal_holds_tenant_isolation ON "legal_holds";

CREATE POLICY legal_holds_tenant_isolation ON "legal_holds" USING (tenant_id = current_setting('app.tenant_id', true)) WITH CHECK (tenant_id = current_setting('app.tenant_id', true));

UPDATE alembic_version SET version_num='0027_compliance_lgpd' WHERE alembic_version.version_num = '0026_education_stage_progress';

COMMIT;

BEGIN;

INFO  [alembic.runtime.migration] Running upgrade 0027_compliance_lgpd -> 0028_government_education_operations, Integrações educacionais governamentais: validação, importação e fila de transmissão.
-- Running upgrade 0027_compliance_lgpd -> 0028_government_education_operations

CREATE TABLE IF NOT EXISTS government_validation_runs(id TEXT PRIMARY KEY,tenant_id TEXT NOT NULL,layout_id TEXT NOT NULL REFERENCES government_export_layouts(id),reference_period TEXT NOT NULL,direction TEXT NOT NULL,state TEXT NOT NULL,record_count INTEGER NOT NULL DEFAULT 0,error_count INTEGER NOT NULL DEFAULT 0,warning_count INTEGER NOT NULL DEFAULT 0,source_sha256 TEXT,created_by TEXT NOT NULL,created_at TIMESTAMPTZ NOT NULL);

CREATE TABLE IF NOT EXISTS government_validation_issues(id TEXT PRIMARY KEY,tenant_id TEXT NOT NULL,run_id TEXT NOT NULL REFERENCES government_validation_runs(id),row_number INTEGER,field_code TEXT,severity TEXT NOT NULL,code TEXT NOT NULL,message TEXT NOT NULL,source_ref TEXT,state TEXT NOT NULL DEFAULT 'open',resolved_by TEXT,resolved_at TIMESTAMPTZ,created_at TIMESTAMPTZ NOT NULL);

CREATE INDEX IF NOT EXISTS ix_government_validation_issues_run ON government_validation_issues(tenant_id,run_id,severity,state);

CREATE TABLE IF NOT EXISTS government_imports(id TEXT PRIMARY KEY,tenant_id TEXT NOT NULL,layout_id TEXT NOT NULL REFERENCES government_export_layouts(id),validation_run_id TEXT NOT NULL REFERENCES government_validation_runs(id),reference_period TEXT NOT NULL,original_filename TEXT NOT NULL,state TEXT NOT NULL,row_count INTEGER NOT NULL DEFAULT 0,accepted_count INTEGER NOT NULL DEFAULT 0,rejected_count INTEGER NOT NULL DEFAULT 0,sha256 TEXT NOT NULL,storage_key TEXT NOT NULL,created_by TEXT NOT NULL,created_at TIMESTAMPTZ NOT NULL,updated_at TIMESTAMPTZ NOT NULL);

CREATE TABLE IF NOT EXISTS government_transmissions(id TEXT PRIMARY KEY,tenant_id TEXT NOT NULL,export_id TEXT NOT NULL REFERENCES government_exports(id),connection_id TEXT REFERENCES integration_connections(id),environment TEXT NOT NULL,state TEXT NOT NULL,idempotency_key TEXT NOT NULL,attempts INTEGER NOT NULL DEFAULT 0,protocol TEXT,receipt_json JSONB,provider_status TEXT,last_error TEXT,created_by TEXT NOT NULL,created_at TIMESTAMPTZ NOT NULL,updated_at TIMESTAMPTZ NOT NULL,submitted_at TIMESTAMPTZ,completed_at TIMESTAMPTZ,UNIQUE(tenant_id,idempotency_key));

CREATE TABLE IF NOT EXISTS government_transmission_events(id TEXT PRIMARY KEY,tenant_id TEXT NOT NULL,transmission_id TEXT NOT NULL REFERENCES government_transmissions(id),event_type TEXT NOT NULL,from_state TEXT,to_state TEXT,details_json JSONB NOT NULL DEFAULT '{}'::jsonb,actor_id TEXT NOT NULL,occurred_at TIMESTAMPTZ NOT NULL);

ALTER TABLE "government_validation_runs" ENABLE ROW LEVEL SECURITY;

ALTER TABLE "government_validation_runs" FORCE ROW LEVEL SECURITY;

DROP POLICY IF EXISTS government_validation_runs_tenant_isolation ON "government_validation_runs";

CREATE POLICY government_validation_runs_tenant_isolation ON "government_validation_runs" USING (tenant_id = current_setting('app.tenant_id', true)) WITH CHECK (tenant_id = current_setting('app.tenant_id', true));

ALTER TABLE "government_validation_issues" ENABLE ROW LEVEL SECURITY;

ALTER TABLE "government_validation_issues" FORCE ROW LEVEL SECURITY;

DROP POLICY IF EXISTS government_validation_issues_tenant_isolation ON "government_validation_issues";

CREATE POLICY government_validation_issues_tenant_isolation ON "government_validation_issues" USING (tenant_id = current_setting('app.tenant_id', true)) WITH CHECK (tenant_id = current_setting('app.tenant_id', true));

ALTER TABLE "government_imports" ENABLE ROW LEVEL SECURITY;

ALTER TABLE "government_imports" FORCE ROW LEVEL SECURITY;

DROP POLICY IF EXISTS government_imports_tenant_isolation ON "government_imports";

CREATE POLICY government_imports_tenant_isolation ON "government_imports" USING (tenant_id = current_setting('app.tenant_id', true)) WITH CHECK (tenant_id = current_setting('app.tenant_id', true));

ALTER TABLE "government_transmissions" ENABLE ROW LEVEL SECURITY;

ALTER TABLE "government_transmissions" FORCE ROW LEVEL SECURITY;

DROP POLICY IF EXISTS government_transmissions_tenant_isolation ON "government_transmissions";

CREATE POLICY government_transmissions_tenant_isolation ON "government_transmissions" USING (tenant_id = current_setting('app.tenant_id', true)) WITH CHECK (tenant_id = current_setting('app.tenant_id', true));

ALTER TABLE "government_transmission_events" ENABLE ROW LEVEL SECURITY;

ALTER TABLE "government_transmission_events" FORCE ROW LEVEL SECURITY;

DROP POLICY IF EXISTS government_transmission_events_tenant_isolation ON "government_transmission_events";

CREATE POLICY government_transmission_events_tenant_isolation ON "government_transmission_events" USING (tenant_id = current_setting('app.tenant_id', true)) WITH CHECK (tenant_id = current_setting('app.tenant_id', true));

UPDATE alembic_version SET version_num='0028_government_education_operations' WHERE alembic_version.version_num = '0027_compliance_lgpd';

COMMIT;

BEGIN;

INFO  [alembic.runtime.migration] Running upgrade 0028_government_education_operations -> 0029_admissions_funnel, Captação/admissões: campanhas, leads, processo seletivo, ranking e reserva de vaga.
-- Running upgrade 0028_government_education_operations -> 0029_admissions_funnel

CREATE TABLE IF NOT EXISTS admission_campaigns(id TEXT PRIMARY KEY,tenant_id TEXT NOT NULL,code TEXT NOT NULL,name TEXT NOT NULL,program_id TEXT REFERENCES programs(id),academic_year_id TEXT REFERENCES academic_years(id),starts_on DATE NOT NULL,ends_on DATE,channels_json JSONB NOT NULL DEFAULT '[]'::jsonb,budget NUMERIC,state TEXT NOT NULL DEFAULT 'draft',created_by TEXT NOT NULL,created_at TIMESTAMPTZ NOT NULL,updated_at TIMESTAMPTZ NOT NULL,UNIQUE(tenant_id,code));

CREATE TABLE IF NOT EXISTS admission_leads(id TEXT PRIMARY KEY,tenant_id TEXT NOT NULL,campaign_id TEXT REFERENCES admission_campaigns(id),person_id TEXT REFERENCES people(id),full_name TEXT NOT NULL,email TEXT,phone TEXT,desired_program_id TEXT REFERENCES programs(id),desired_academic_year_id TEXT REFERENCES academic_years(id),source TEXT,external_ref TEXT,consent_at TIMESTAMPTZ,state TEXT NOT NULL DEFAULT 'new',owner_user_id TEXT,notes TEXT,converted_candidate_id TEXT REFERENCES admission_candidates(id),created_at TIMESTAMPTZ NOT NULL,updated_at TIMESTAMPTZ NOT NULL,UNIQUE(tenant_id,source,external_ref));

CREATE TABLE IF NOT EXISTS admission_processes(id TEXT PRIMARY KEY,tenant_id TEXT NOT NULL,code TEXT NOT NULL,name TEXT NOT NULL,program_id TEXT NOT NULL REFERENCES programs(id),academic_year_id TEXT NOT NULL REFERENCES academic_years(id),applications_open_at TIMESTAMPTZ,applications_close_at TIMESTAMPTZ,seats INTEGER,ranking_method TEXT NOT NULL DEFAULT 'weighted_sum',state TEXT NOT NULL DEFAULT 'draft',created_by TEXT NOT NULL,created_at TIMESTAMPTZ NOT NULL,updated_at TIMESTAMPTZ NOT NULL,UNIQUE(tenant_id,code));

CREATE TABLE IF NOT EXISTS admission_assessments(id TEXT PRIMARY KEY,tenant_id TEXT NOT NULL,process_id TEXT NOT NULL REFERENCES admission_processes(id),code TEXT NOT NULL,name TEXT NOT NULL,assessment_type TEXT NOT NULL,weight NUMERIC NOT NULL DEFAULT 1,max_score NUMERIC NOT NULL DEFAULT 100,scheduled_at TIMESTAMPTZ,state TEXT NOT NULL DEFAULT 'active',created_by TEXT NOT NULL,created_at TIMESTAMPTZ NOT NULL,updated_at TIMESTAMPTZ NOT NULL,UNIQUE(tenant_id,process_id,code));

CREATE TABLE IF NOT EXISTS admission_applications(id TEXT PRIMARY KEY,tenant_id TEXT NOT NULL,process_id TEXT NOT NULL REFERENCES admission_processes(id),candidate_id TEXT NOT NULL REFERENCES admission_candidates(id),application_number TEXT NOT NULL,state TEXT NOT NULL DEFAULT 'applied',final_score NUMERIC,rank_position INTEGER,applied_at TIMESTAMPTZ NOT NULL,selected_at TIMESTAMPTZ,rejected_at TIMESTAMPTZ,updated_at TIMESTAMPTZ NOT NULL,UNIQUE(tenant_id,process_id,candidate_id),UNIQUE(tenant_id,application_number));

CREATE TABLE IF NOT EXISTS admission_assessment_results(id TEXT PRIMARY KEY,tenant_id TEXT NOT NULL,application_id TEXT NOT NULL REFERENCES admission_applications(id),assessment_id TEXT NOT NULL REFERENCES admission_assessments(id),score NUMERIC NOT NULL,outcome TEXT,notes TEXT,version INTEGER NOT NULL DEFAULT 1,created_by TEXT NOT NULL,created_at TIMESTAMPTZ NOT NULL,updated_at TIMESTAMPTZ NOT NULL,UNIQUE(tenant_id,application_id,assessment_id));

CREATE TABLE IF NOT EXISTS admission_vacancy_reservations(id TEXT PRIMARY KEY,tenant_id TEXT NOT NULL,application_id TEXT NOT NULL REFERENCES admission_applications(id),candidate_id TEXT NOT NULL REFERENCES admission_candidates(id),class_group_id TEXT NOT NULL REFERENCES class_groups(id),expires_at TIMESTAMPTZ NOT NULL,state TEXT NOT NULL DEFAULT 'reserved',consumed_enrollment_id TEXT REFERENCES enrollments(id),reason TEXT,created_by TEXT NOT NULL,created_at TIMESTAMPTZ NOT NULL,updated_at TIMESTAMPTZ NOT NULL);

CREATE INDEX IF NOT EXISTS ix_admission_leads_state ON admission_leads(tenant_id,state,created_at);

CREATE INDEX IF NOT EXISTS ix_admission_applications_process ON admission_applications(tenant_id,process_id,state,rank_position);

CREATE INDEX IF NOT EXISTS ix_admission_reservations_capacity ON admission_vacancy_reservations(tenant_id,class_group_id,state,expires_at);

ALTER TABLE "admission_campaigns" ENABLE ROW LEVEL SECURITY;

ALTER TABLE "admission_campaigns" FORCE ROW LEVEL SECURITY;

DROP POLICY IF EXISTS admission_campaigns_tenant_isolation ON "admission_campaigns";

CREATE POLICY admission_campaigns_tenant_isolation ON "admission_campaigns" USING (tenant_id = current_setting('app.tenant_id', true)) WITH CHECK (tenant_id = current_setting('app.tenant_id', true));

ALTER TABLE "admission_leads" ENABLE ROW LEVEL SECURITY;

ALTER TABLE "admission_leads" FORCE ROW LEVEL SECURITY;

DROP POLICY IF EXISTS admission_leads_tenant_isolation ON "admission_leads";

CREATE POLICY admission_leads_tenant_isolation ON "admission_leads" USING (tenant_id = current_setting('app.tenant_id', true)) WITH CHECK (tenant_id = current_setting('app.tenant_id', true));

ALTER TABLE "admission_processes" ENABLE ROW LEVEL SECURITY;

ALTER TABLE "admission_processes" FORCE ROW LEVEL SECURITY;

DROP POLICY IF EXISTS admission_processes_tenant_isolation ON "admission_processes";

CREATE POLICY admission_processes_tenant_isolation ON "admission_processes" USING (tenant_id = current_setting('app.tenant_id', true)) WITH CHECK (tenant_id = current_setting('app.tenant_id', true));

ALTER TABLE "admission_assessments" ENABLE ROW LEVEL SECURITY;

ALTER TABLE "admission_assessments" FORCE ROW LEVEL SECURITY;

DROP POLICY IF EXISTS admission_assessments_tenant_isolation ON "admission_assessments";

CREATE POLICY admission_assessments_tenant_isolation ON "admission_assessments" USING (tenant_id = current_setting('app.tenant_id', true)) WITH CHECK (tenant_id = current_setting('app.tenant_id', true));

ALTER TABLE "admission_applications" ENABLE ROW LEVEL SECURITY;

ALTER TABLE "admission_applications" FORCE ROW LEVEL SECURITY;

DROP POLICY IF EXISTS admission_applications_tenant_isolation ON "admission_applications";

CREATE POLICY admission_applications_tenant_isolation ON "admission_applications" USING (tenant_id = current_setting('app.tenant_id', true)) WITH CHECK (tenant_id = current_setting('app.tenant_id', true));

ALTER TABLE "admission_assessment_results" ENABLE ROW LEVEL SECURITY;

ALTER TABLE "admission_assessment_results" FORCE ROW LEVEL SECURITY;

DROP POLICY IF EXISTS admission_assessment_results_tenant_isolation ON "admission_assessment_results";

CREATE POLICY admission_assessment_results_tenant_isolation ON "admission_assessment_results" USING (tenant_id = current_setting('app.tenant_id', true)) WITH CHECK (tenant_id = current_setting('app.tenant_id', true));

ALTER TABLE "admission_vacancy_reservations" ENABLE ROW LEVEL SECURITY;

ALTER TABLE "admission_vacancy_reservations" FORCE ROW LEVEL SECURITY;

DROP POLICY IF EXISTS admission_vacancy_reservations_tenant_isolation ON "admission_vacancy_reservations";

CREATE POLICY admission_vacancy_reservations_tenant_isolation ON "admission_vacancy_reservations" USING (tenant_id = current_setting('app.tenant_id', true)) WITH CHECK (tenant_id = current_setting('app.tenant_id', true));

UPDATE alembic_version SET version_num='0029_admissions_funnel' WHERE alembic_version.version_num = '0028_government_education_operations';

COMMIT;

BEGIN;

INFO  [alembic.runtime.migration] Running upgrade 0029_admissions_funnel -> 0030_services_procurement_assets_vertical, Serviços, compras, lotes, reservas e patrimônio em fluxos verticais completos.
-- Running upgrade 0029_admissions_funnel -> 0030_services_procurement_assets_vertical

ALTER TABLE "services" ADD COLUMN IF NOT EXISTS catalog_id TEXT;

ALTER TABLE "services" ADD COLUMN IF NOT EXISTS service_type TEXT NOT NULL DEFAULT 'other';

ALTER TABLE "services" ADD COLUMN IF NOT EXISTS recurrence_type TEXT NOT NULL DEFAULT 'one_time';

ALTER TABLE "services" ADD COLUMN IF NOT EXISTS unit_of_measure TEXT NOT NULL DEFAULT 'unit';

ALTER TABLE "services" ADD COLUMN IF NOT EXISTS default_duration_minutes INTEGER;

ALTER TABLE "services" ADD COLUMN IF NOT EXISTS cost_center_id TEXT;

ALTER TABLE "services" ADD COLUMN IF NOT EXISTS taxable BOOLEAN NOT NULL DEFAULT TRUE;

ALTER TABLE "services" ADD COLUMN IF NOT EXISTS metadata_json JSONB NOT NULL DEFAULT '{}'::jsonb;

ALTER TABLE "services" ADD COLUMN IF NOT EXISTS institution_id TEXT;

ALTER TABLE "services" ADD COLUMN IF NOT EXISTS unit_id TEXT;

ALTER TABLE "services" ADD COLUMN IF NOT EXISTS version INTEGER NOT NULL DEFAULT 1;

ALTER TABLE "service_orders" ADD COLUMN IF NOT EXISTS order_number TEXT;

ALTER TABLE "service_orders" ADD COLUMN IF NOT EXISTS subscriber_person_id TEXT;

ALTER TABLE "service_orders" ADD COLUMN IF NOT EXISTS subscription_id TEXT;

ALTER TABLE "service_orders" ADD COLUMN IF NOT EXISTS competence_id TEXT;

ALTER TABLE "service_orders" ADD COLUMN IF NOT EXISTS cost_center_id TEXT;

ALTER TABLE "service_orders" ADD COLUMN IF NOT EXISTS currency TEXT NOT NULL DEFAULT 'BRL';

ALTER TABLE "service_orders" ADD COLUMN IF NOT EXISTS subtotal NUMERIC NOT NULL DEFAULT 0;

ALTER TABLE "service_orders" ADD COLUMN IF NOT EXISTS discount_amount NUMERIC NOT NULL DEFAULT 0;

ALTER TABLE "service_orders" ADD COLUMN IF NOT EXISTS due_date DATE;

ALTER TABLE "service_orders" ADD COLUMN IF NOT EXISTS installment_count INTEGER NOT NULL DEFAULT 1;

ALTER TABLE "service_orders" ADD COLUMN IF NOT EXISTS charge_id TEXT;

ALTER TABLE "service_orders" ADD COLUMN IF NOT EXISTS fiscal_status TEXT NOT NULL DEFAULT 'pending';

ALTER TABLE "service_orders" ADD COLUMN IF NOT EXISTS notes TEXT;

ALTER TABLE "service_orders" ADD COLUMN IF NOT EXISTS confirmed_at TIMESTAMPTZ;

ALTER TABLE "service_orders" ADD COLUMN IF NOT EXISTS confirmed_by TEXT;

ALTER TABLE "service_orders" ADD COLUMN IF NOT EXISTS started_at TIMESTAMPTZ;

ALTER TABLE "service_orders" ADD COLUMN IF NOT EXISTS completed_at TIMESTAMPTZ;

ALTER TABLE "service_orders" ADD COLUMN IF NOT EXISTS cancelled_at TIMESTAMPTZ;

ALTER TABLE "service_orders" ADD COLUMN IF NOT EXISTS cancellation_reason TEXT;

ALTER TABLE "service_orders" ADD COLUMN IF NOT EXISTS institution_id TEXT;

ALTER TABLE "service_orders" ADD COLUMN IF NOT EXISTS unit_id TEXT;

ALTER TABLE "service_orders" ADD COLUMN IF NOT EXISTS version INTEGER NOT NULL DEFAULT 1;

ALTER TABLE "service_order_items" ADD COLUMN IF NOT EXISTS variant_id TEXT;

ALTER TABLE "service_order_items" ADD COLUMN IF NOT EXISTS description TEXT;

ALTER TABLE "service_order_items" ADD COLUMN IF NOT EXISTS discount_amount NUMERIC NOT NULL DEFAULT 0;

ALTER TABLE "service_order_items" ADD COLUMN IF NOT EXISTS competence_start DATE;

ALTER TABLE "service_order_items" ADD COLUMN IF NOT EXISTS competence_end DATE;

ALTER TABLE "service_order_items" ADD COLUMN IF NOT EXISTS fiscal_profile_snapshot_json JSONB NOT NULL DEFAULT '{}'::jsonb;

ALTER TABLE "service_order_items" ADD COLUMN IF NOT EXISTS execution_status TEXT NOT NULL DEFAULT 'pending';

ALTER TABLE "service_order_items" ADD COLUMN IF NOT EXISTS executed_quantity NUMERIC NOT NULL DEFAULT 0;

ALTER TABLE "stock_movements" ADD COLUMN IF NOT EXISTS lot_id TEXT;

ALTER TABLE "stock_movements" ADD COLUMN IF NOT EXISTS balance_after NUMERIC;

ALTER TABLE "suppliers" ADD COLUMN IF NOT EXISTS code TEXT;

ALTER TABLE "suppliers" ADD COLUMN IF NOT EXISTS rating NUMERIC;

ALTER TABLE "suppliers" ADD COLUMN IF NOT EXISTS payment_terms_json JSONB NOT NULL DEFAULT '{}'::jsonb;

ALTER TABLE "suppliers" ADD COLUMN IF NOT EXISTS fiscal_profile_json JSONB NOT NULL DEFAULT '{}'::jsonb;

ALTER TABLE "suppliers" ADD COLUMN IF NOT EXISTS notes TEXT;

ALTER TABLE "suppliers" ADD COLUMN IF NOT EXISTS institution_id TEXT;

ALTER TABLE "suppliers" ADD COLUMN IF NOT EXISTS unit_id TEXT;

ALTER TABLE "suppliers" ADD COLUMN IF NOT EXISTS version INTEGER NOT NULL DEFAULT 1;

ALTER TABLE "purchase_orders" ADD COLUMN IF NOT EXISTS warehouse_id TEXT NOT NULL DEFAULT 'default';

ALTER TABLE "purchase_orders" ADD COLUMN IF NOT EXISTS quotation_id TEXT;

ALTER TABLE "purchase_orders" ADD COLUMN IF NOT EXISTS requisition_id TEXT;

ALTER TABLE "purchase_orders" ADD COLUMN IF NOT EXISTS currency TEXT NOT NULL DEFAULT 'BRL';

ALTER TABLE "purchase_orders" ADD COLUMN IF NOT EXISTS subtotal NUMERIC NOT NULL DEFAULT 0;

ALTER TABLE "purchase_orders" ADD COLUMN IF NOT EXISTS freight_amount NUMERIC NOT NULL DEFAULT 0;

ALTER TABLE "purchase_orders" ADD COLUMN IF NOT EXISTS discount_amount NUMERIC NOT NULL DEFAULT 0;

ALTER TABLE "purchase_orders" ADD COLUMN IF NOT EXISTS notes TEXT;

ALTER TABLE "purchase_orders" ADD COLUMN IF NOT EXISTS approved_at TIMESTAMPTZ;

ALTER TABLE "purchase_orders" ADD COLUMN IF NOT EXISTS approved_by TEXT;

ALTER TABLE "purchase_orders" ADD COLUMN IF NOT EXISTS closed_at TIMESTAMPTZ;

ALTER TABLE "purchase_orders" ADD COLUMN IF NOT EXISTS institution_id TEXT;

ALTER TABLE "purchase_orders" ADD COLUMN IF NOT EXISTS unit_id TEXT;

ALTER TABLE "purchase_orders" ADD COLUMN IF NOT EXISTS version INTEGER NOT NULL DEFAULT 1;

ALTER TABLE "purchase_order_items" ADD COLUMN IF NOT EXISTS returned_quantity NUMERIC NOT NULL DEFAULT 0;

ALTER TABLE "purchase_order_items" ADD COLUMN IF NOT EXISTS discount_amount NUMERIC NOT NULL DEFAULT 0;

ALTER TABLE "purchase_order_items" ADD COLUMN IF NOT EXISTS total_amount NUMERIC NOT NULL DEFAULT 0;

ALTER TABLE "purchase_order_items" ADD COLUMN IF NOT EXISTS fiscal_profile_snapshot_json JSONB NOT NULL DEFAULT '{}'::jsonb;

ALTER TABLE "inventory_counts" ADD COLUMN IF NOT EXISTS started_at TIMESTAMPTZ;

ALTER TABLE "inventory_counts" ADD COLUMN IF NOT EXISTS snapshot_json JSONB NOT NULL DEFAULT '{}'::jsonb;

ALTER TABLE "inventory_counts" ADD COLUMN IF NOT EXISTS institution_id TEXT;

ALTER TABLE "inventory_counts" ADD COLUMN IF NOT EXISTS unit_id TEXT;

ALTER TABLE "inventory_counts" ADD COLUMN IF NOT EXISTS version INTEGER NOT NULL DEFAULT 1;

ALTER TABLE "inventory_count_items" ADD COLUMN IF NOT EXISTS lot_id TEXT;

ALTER TABLE "inventory_count_items" ADD COLUMN IF NOT EXISTS notes TEXT;

ALTER TABLE "assets" ADD COLUMN IF NOT EXISTS tag TEXT;

ALTER TABLE "assets" ADD COLUMN IF NOT EXISTS name TEXT;

ALTER TABLE "assets" ADD COLUMN IF NOT EXISTS location_id TEXT;

ALTER TABLE "assets" ADD COLUMN IF NOT EXISTS product_id TEXT;

ALTER TABLE "assets" ADD COLUMN IF NOT EXISTS receipt_item_id TEXT;

ALTER TABLE "assets" ADD COLUMN IF NOT EXISTS serial_number TEXT;

ALTER TABLE "assets" ADD COLUMN IF NOT EXISTS useful_life_months INTEGER;

ALTER TABLE "assets" ADD COLUMN IF NOT EXISTS residual_value NUMERIC NOT NULL DEFAULT 0;

ALTER TABLE "assets" ADD COLUMN IF NOT EXISTS accumulated_depreciation NUMERIC NOT NULL DEFAULT 0;

ALTER TABLE "assets" ADD COLUMN IF NOT EXISTS warranty_until DATE;

ALTER TABLE "assets" ADD COLUMN IF NOT EXISTS metadata_json JSONB NOT NULL DEFAULT '{}'::jsonb;

ALTER TABLE "assets" ADD COLUMN IF NOT EXISTS institution_id TEXT;

ALTER TABLE "assets" ADD COLUMN IF NOT EXISTS unit_id TEXT;

ALTER TABLE "assets" ADD COLUMN IF NOT EXISTS version INTEGER NOT NULL DEFAULT 1;

CREATE TABLE IF NOT EXISTS service_catalogs(id TEXT PRIMARY KEY,tenant_id TEXT NOT NULL,code TEXT NOT NULL,name TEXT NOT NULL,description TEXT,valid_from DATE,valid_until DATE,state TEXT NOT NULL DEFAULT 'active',institution_id TEXT,unit_id TEXT,version INTEGER NOT NULL DEFAULT 1,created_at TIMESTAMPTZ NOT NULL,updated_at TIMESTAMPTZ NOT NULL,UNIQUE(tenant_id,code));
CREATE TABLE IF NOT EXISTS service_variants(id TEXT PRIMARY KEY,tenant_id TEXT NOT NULL,service_id TEXT NOT NULL REFERENCES services(id),code TEXT NOT NULL,name TEXT NOT NULL,description TEXT,duration_minutes INTEGER,capacity INTEGER,state TEXT NOT NULL DEFAULT 'active',metadata_json JSONB NOT NULL DEFAULT '{}'::jsonb,institution_id TEXT,unit_id TEXT,version INTEGER NOT NULL DEFAULT 1,created_at TIMESTAMPTZ NOT NULL,updated_at TIMESTAMPTZ NOT NULL,UNIQUE(tenant_id,service_id,code));
CREATE TABLE IF NOT EXISTS service_fiscal_profiles(id TEXT PRIMARY KEY,tenant_id TEXT NOT NULL,service_id TEXT NOT NULL REFERENCES services(id),variant_id TEXT,valid_from DATE NOT NULL,valid_until DATE,nbs_code TEXT,lc116_code TEXT,municipal_service_code TEXT,cnae_code TEXT,iss_rate NUMERIC NOT NULL DEFAULT 0,ibs_rate NUMERIC NOT NULL DEFAULT 0,cbs_rate NUMERIC NOT NULL DEFAULT 0,cclass_trib TEXT,fiscal_trigger TEXT NOT NULL DEFAULT 'billing',withholding_json JSONB NOT NULL DEFAULT '{}'::jsonb,rules_snapshot_json JSONB NOT NULL DEFAULT '{}'::jsonb,state TEXT NOT NULL DEFAULT 'draft',classification_status TEXT NOT NULL DEFAULT 'incomplete',published_at TIMESTAMPTZ,published_by TEXT,institution_id TEXT,unit_id TEXT,version INTEGER NOT NULL DEFAULT 1,created_at TIMESTAMPTZ NOT NULL,updated_at TIMESTAMPTZ NOT NULL);
CREATE TABLE IF NOT EXISTS service_price_tables(id TEXT PRIMARY KEY,tenant_id TEXT NOT NULL,service_id TEXT NOT NULL REFERENCES services(id),variant_id TEXT,name TEXT NOT NULL,valid_from DATE NOT NULL,valid_until DATE,currency TEXT NOT NULL DEFAULT 'BRL',amount NUMERIC NOT NULL,billing_frequency TEXT NOT NULL DEFAULT 'one_time',state TEXT NOT NULL DEFAULT 'active',institution_id TEXT,unit_id TEXT,version INTEGER NOT NULL DEFAULT 1,created_at TIMESTAMPTZ NOT NULL,updated_at TIMESTAMPTZ NOT NULL);
CREATE TABLE IF NOT EXISTS service_billing_rules(id TEXT PRIMARY KEY,tenant_id TEXT NOT NULL,service_id TEXT NOT NULL REFERENCES services(id),variant_id TEXT,code TEXT NOT NULL,name TEXT NOT NULL,billing_trigger TEXT NOT NULL DEFAULT 'competence',due_day INTEGER NOT NULL DEFAULT 10,installment_count INTEGER NOT NULL DEFAULT 1,interval_months INTEGER NOT NULL DEFAULT 1,recognition_policy TEXT NOT NULL DEFAULT 'competence',fiscal_trigger TEXT NOT NULL DEFAULT 'competence',proration_policy TEXT NOT NULL DEFAULT 'none',state TEXT NOT NULL DEFAULT 'active',config_json JSONB NOT NULL DEFAULT '{}'::jsonb,institution_id TEXT,unit_id TEXT,version INTEGER NOT NULL DEFAULT 1,created_at TIMESTAMPTZ NOT NULL,updated_at TIMESTAMPTZ NOT NULL,UNIQUE(tenant_id,service_id,code));
CREATE TABLE IF NOT EXISTS service_subscriptions(id TEXT PRIMARY KEY,tenant_id TEXT NOT NULL,subscription_number TEXT NOT NULL,service_id TEXT NOT NULL REFERENCES services(id),variant_id TEXT,subscriber_person_id TEXT NOT NULL REFERENCES people(id),enrollment_id TEXT REFERENCES enrollments(id),financial_contract_id TEXT REFERENCES financial_contracts(id),billing_rule_id TEXT NOT NULL REFERENCES service_billing_rules(id),starts_on DATE NOT NULL,ends_on DATE,quantity NUMERIC NOT NULL DEFAULT 1,unit_price NUMERIC NOT NULL,discount_amount NUMERIC NOT NULL DEFAULT 0,cycle_amount NUMERIC NOT NULL,next_competence_on DATE NOT NULL,auto_renew BOOLEAN NOT NULL DEFAULT FALSE,state TEXT NOT NULL DEFAULT 'draft',suspended_at TIMESTAMPTZ,cancelled_at TIMESTAMPTZ,cancellation_reason TEXT,institution_id TEXT,unit_id TEXT,version INTEGER NOT NULL DEFAULT 1,created_at TIMESTAMPTZ NOT NULL,updated_at TIMESTAMPTZ NOT NULL,UNIQUE(tenant_id,subscription_number));
CREATE TABLE IF NOT EXISTS service_executions(id TEXT PRIMARY KEY,tenant_id TEXT NOT NULL,execution_number TEXT NOT NULL,service_order_id TEXT NOT NULL REFERENCES service_orders(id),service_order_item_id TEXT NOT NULL REFERENCES service_order_items(id),subscription_id TEXT,scheduled_at TIMESTAMPTZ,started_at TIMESTAMPTZ,completed_at TIMESTAMPTZ,quantity NUMERIC NOT NULL,state TEXT NOT NULL DEFAULT 'scheduled',performer_person_id TEXT REFERENCES people(id),notes TEXT,evidence_json JSONB NOT NULL DEFAULT '{}'::jsonb,institution_id TEXT,unit_id TEXT,version INTEGER NOT NULL DEFAULT 1,created_at TIMESTAMPTZ NOT NULL,updated_at TIMESTAMPTZ NOT NULL,UNIQUE(tenant_id,execution_number));
CREATE TABLE IF NOT EXISTS service_competencies(id TEXT PRIMARY KEY,tenant_id TEXT NOT NULL,subscription_id TEXT NOT NULL REFERENCES service_subscriptions(id),competence_key TEXT NOT NULL,period_start DATE NOT NULL,period_end DATE NOT NULL,due_date DATE NOT NULL,amount NUMERIC NOT NULL,service_order_id TEXT,charge_id TEXT,state TEXT NOT NULL DEFAULT 'pending',billed_at TIMESTAMPTZ,institution_id TEXT,unit_id TEXT,version INTEGER NOT NULL DEFAULT 1,created_at TIMESTAMPTZ NOT NULL,updated_at TIMESTAMPTZ NOT NULL,UNIQUE(tenant_id,subscription_id,competence_key));
CREATE TABLE IF NOT EXISTS service_fiscal_events(id TEXT PRIMARY KEY,tenant_id TEXT NOT NULL,event_key TEXT NOT NULL,service_order_id TEXT NOT NULL REFERENCES service_orders(id),service_order_item_id TEXT,competence_id TEXT,trigger_type TEXT NOT NULL,document_type TEXT NOT NULL DEFAULT 'nfse',provider_code TEXT,state TEXT NOT NULL DEFAULT 'not_configured',payload_snapshot_json JSONB NOT NULL DEFAULT '{}'::jsonb,requested_at TIMESTAMPTZ NOT NULL,completed_at TIMESTAMPTZ,failure_code TEXT,failure_message TEXT,created_at TIMESTAMPTZ NOT NULL,updated_at TIMESTAMPTZ NOT NULL,UNIQUE(tenant_id,event_key));
CREATE TABLE IF NOT EXISTS charges(id TEXT PRIMARY KEY,tenant_id TEXT NOT NULL,charge_number TEXT NOT NULL,financial_contract_id TEXT REFERENCES financial_contracts(id),enrollment_id TEXT REFERENCES enrollments(id),responsible_person_id TEXT REFERENCES people(id),origin_type TEXT NOT NULL,origin_id TEXT NOT NULL,currency TEXT NOT NULL DEFAULT 'BRL',total_amount NUMERIC NOT NULL,paid_amount NUMERIC NOT NULL DEFAULT 0,refunded_amount NUMERIC NOT NULL DEFAULT 0,outstanding_amount NUMERIC NOT NULL,due_date DATE NOT NULL,state TEXT NOT NULL DEFAULT 'open',generated_at TIMESTAMPTZ NOT NULL,cancelled_at TIMESTAMPTZ,cancellation_reason TEXT,created_at TIMESTAMPTZ NOT NULL,updated_at TIMESTAMPTZ NOT NULL,UNIQUE(tenant_id,charge_number),UNIQUE(tenant_id,origin_type,origin_id));
CREATE TABLE IF NOT EXISTS charge_items(id TEXT PRIMARY KEY,tenant_id TEXT NOT NULL,charge_id TEXT NOT NULL REFERENCES charges(id),description TEXT NOT NULL,quantity NUMERIC NOT NULL DEFAULT 1,unit_amount NUMERIC NOT NULL,discount_amount NUMERIC NOT NULL DEFAULT 0,total_amount NUMERIC NOT NULL,accounting_code TEXT,metadata_json JSONB NOT NULL DEFAULT '{}'::jsonb,created_at TIMESTAMPTZ NOT NULL);
CREATE TABLE IF NOT EXISTS accounts_receivable(id TEXT PRIMARY KEY,tenant_id TEXT NOT NULL,receivable_number TEXT NOT NULL,installment_id TEXT REFERENCES installments(id),charge_id TEXT REFERENCES charges(id),responsible_person_id TEXT REFERENCES people(id),cost_center_id TEXT,amount NUMERIC NOT NULL,paid_amount NUMERIC NOT NULL DEFAULT 0,refunded_amount NUMERIC NOT NULL DEFAULT 0,outstanding_amount NUMERIC NOT NULL,due_date DATE NOT NULL,state TEXT NOT NULL DEFAULT 'open',created_at TIMESTAMPTZ NOT NULL,updated_at TIMESTAMPTZ NOT NULL,UNIQUE(tenant_id,receivable_number));
CREATE TABLE IF NOT EXISTS product_variants(id TEXT PRIMARY KEY,tenant_id TEXT NOT NULL,product_id TEXT NOT NULL REFERENCES products(id),sku TEXT NOT NULL,name TEXT NOT NULL,attributes_json JSONB NOT NULL DEFAULT '{}'::jsonb,sale_price NUMERIC,cost_price NUMERIC,state TEXT NOT NULL DEFAULT 'active',institution_id TEXT,unit_id TEXT,version INTEGER NOT NULL DEFAULT 1,created_at TIMESTAMPTZ NOT NULL,updated_at TIMESTAMPTZ NOT NULL,UNIQUE(tenant_id,sku));
CREATE TABLE IF NOT EXISTS product_barcodes(id TEXT PRIMARY KEY,tenant_id TEXT NOT NULL,product_id TEXT NOT NULL REFERENCES products(id),variant_id TEXT,barcode TEXT NOT NULL,barcode_type TEXT NOT NULL DEFAULT 'ean13',is_primary BOOLEAN NOT NULL DEFAULT FALSE,created_at TIMESTAMPTZ NOT NULL,UNIQUE(tenant_id,barcode));
CREATE TABLE IF NOT EXISTS supplier_contacts(id TEXT PRIMARY KEY,tenant_id TEXT NOT NULL,supplier_id TEXT NOT NULL REFERENCES suppliers(id),name TEXT NOT NULL,email TEXT,phone TEXT,role TEXT,is_primary BOOLEAN NOT NULL DEFAULT FALSE,created_at TIMESTAMPTZ NOT NULL,updated_at TIMESTAMPTZ NOT NULL);
CREATE TABLE IF NOT EXISTS purchase_requisitions(id TEXT PRIMARY KEY,tenant_id TEXT NOT NULL,requisition_number TEXT NOT NULL,requester_user_id TEXT NOT NULL,department_id TEXT,cost_center_id TEXT,needed_by DATE,justification TEXT NOT NULL,state TEXT NOT NULL DEFAULT 'draft',submitted_at TIMESTAMPTZ,submitted_by TEXT,approved_at TIMESTAMPTZ,approved_by TEXT,rejected_at TIMESTAMPTZ,rejected_by TEXT,rejection_reason TEXT,cancelled_at TIMESTAMPTZ,cancelled_by TEXT,cancellation_reason TEXT,institution_id TEXT,unit_id TEXT,version INTEGER NOT NULL DEFAULT 1,created_at TIMESTAMPTZ NOT NULL,updated_at TIMESTAMPTZ NOT NULL,UNIQUE(tenant_id,requisition_number));
CREATE TABLE IF NOT EXISTS purchase_requisition_items(id TEXT PRIMARY KEY,tenant_id TEXT NOT NULL,requisition_id TEXT NOT NULL REFERENCES purchase_requisitions(id),product_id TEXT NOT NULL REFERENCES products(id),quantity NUMERIC NOT NULL,approved_quantity NUMERIC NOT NULL DEFAULT 0,estimated_unit_price NUMERIC NOT NULL DEFAULT 0,notes TEXT,created_at TIMESTAMPTZ NOT NULL);
CREATE TABLE IF NOT EXISTS requests_for_quotation(id TEXT PRIMARY KEY,tenant_id TEXT NOT NULL,quotation_number TEXT NOT NULL,requisition_id TEXT REFERENCES purchase_requisitions(id),response_deadline TIMESTAMPTZ,currency TEXT NOT NULL DEFAULT 'BRL',state TEXT NOT NULL DEFAULT 'open',selected_supplier_id TEXT REFERENCES suppliers(id),selection_reason TEXT,awarded_at TIMESTAMPTZ,awarded_by TEXT,institution_id TEXT,unit_id TEXT,version INTEGER NOT NULL DEFAULT 1,created_at TIMESTAMPTZ NOT NULL,updated_at TIMESTAMPTZ NOT NULL,UNIQUE(tenant_id,quotation_number));
CREATE TABLE IF NOT EXISTS quotation_items(id TEXT PRIMARY KEY,tenant_id TEXT NOT NULL,quotation_id TEXT NOT NULL REFERENCES requests_for_quotation(id),product_id TEXT NOT NULL REFERENCES products(id),quantity NUMERIC NOT NULL,specifications_json JSONB NOT NULL DEFAULT '{}'::jsonb,created_at TIMESTAMPTZ NOT NULL);
CREATE TABLE IF NOT EXISTS quotation_suppliers(id TEXT PRIMARY KEY,tenant_id TEXT NOT NULL,quotation_id TEXT NOT NULL REFERENCES requests_for_quotation(id),supplier_id TEXT NOT NULL REFERENCES suppliers(id),state TEXT NOT NULL DEFAULT 'invited',invited_at TIMESTAMPTZ NOT NULL,submitted_at TIMESTAMPTZ,delivery_days INTEGER,payment_terms_json JSONB NOT NULL DEFAULT '{}'::jsonb,notes TEXT,total_amount NUMERIC NOT NULL DEFAULT 0,created_at TIMESTAMPTZ NOT NULL,updated_at TIMESTAMPTZ NOT NULL,UNIQUE(tenant_id,quotation_id,supplier_id));
CREATE TABLE IF NOT EXISTS quotation_supplier_items(id TEXT PRIMARY KEY,tenant_id TEXT NOT NULL,quotation_supplier_id TEXT NOT NULL REFERENCES quotation_suppliers(id),quotation_item_id TEXT NOT NULL REFERENCES quotation_items(id),unit_price NUMERIC NOT NULL,quantity_available NUMERIC NOT NULL,brand TEXT,notes TEXT,created_at TIMESTAMPTZ NOT NULL,UNIQUE(tenant_id,quotation_supplier_id,quotation_item_id));
CREATE TABLE IF NOT EXISTS goods_receipts(id TEXT PRIMARY KEY,tenant_id TEXT NOT NULL,receipt_number TEXT NOT NULL,purchase_order_id TEXT NOT NULL REFERENCES purchase_orders(id),supplier_id TEXT NOT NULL REFERENCES suppliers(id),warehouse_id TEXT NOT NULL,state TEXT NOT NULL DEFAULT 'confirmed',received_at TIMESTAMPTZ NOT NULL,received_by TEXT NOT NULL,supplier_document_number TEXT,supplier_document_key TEXT,total_amount NUMERIC NOT NULL DEFAULT 0,notes TEXT,created_at TIMESTAMPTZ NOT NULL,updated_at TIMESTAMPTZ NOT NULL,UNIQUE(tenant_id,receipt_number));
CREATE TABLE IF NOT EXISTS goods_receipt_items(id TEXT PRIMARY KEY,tenant_id TEXT NOT NULL,goods_receipt_id TEXT NOT NULL REFERENCES goods_receipts(id),purchase_order_item_id TEXT NOT NULL REFERENCES purchase_order_items(id),product_id TEXT NOT NULL REFERENCES products(id),quantity NUMERIC NOT NULL,unit_cost NUMERIC NOT NULL,lot_id TEXT,stock_movement_id TEXT,expires_on DATE,created_at TIMESTAMPTZ NOT NULL);
CREATE TABLE IF NOT EXISTS inventory_lots(id TEXT PRIMARY KEY,tenant_id TEXT NOT NULL,product_id TEXT NOT NULL REFERENCES products(id),warehouse_id TEXT NOT NULL,lot_number TEXT NOT NULL,manufactured_on DATE,expires_on DATE,quantity NUMERIC NOT NULL DEFAULT 0,reserved_quantity NUMERIC NOT NULL DEFAULT 0,unit_cost NUMERIC NOT NULL DEFAULT 0,state TEXT NOT NULL DEFAULT 'active',created_at TIMESTAMPTZ NOT NULL,updated_at TIMESTAMPTZ NOT NULL,UNIQUE(tenant_id,product_id,warehouse_id,lot_number));
CREATE TABLE IF NOT EXISTS purchase_returns(id TEXT PRIMARY KEY,tenant_id TEXT NOT NULL,return_number TEXT NOT NULL,purchase_order_id TEXT NOT NULL REFERENCES purchase_orders(id),supplier_id TEXT NOT NULL REFERENCES suppliers(id),warehouse_id TEXT NOT NULL,reason TEXT NOT NULL,total_amount NUMERIC NOT NULL DEFAULT 0,state TEXT NOT NULL DEFAULT 'confirmed',returned_at TIMESTAMPTZ NOT NULL,returned_by TEXT NOT NULL,created_at TIMESTAMPTZ NOT NULL,updated_at TIMESTAMPTZ NOT NULL,UNIQUE(tenant_id,return_number));
CREATE TABLE IF NOT EXISTS purchase_return_items(id TEXT PRIMARY KEY,tenant_id TEXT NOT NULL,purchase_return_id TEXT NOT NULL REFERENCES purchase_returns(id),purchase_order_item_id TEXT NOT NULL REFERENCES purchase_order_items(id),product_id TEXT NOT NULL REFERENCES products(id),lot_id TEXT,quantity NUMERIC NOT NULL,unit_cost NUMERIC NOT NULL,stock_movement_id TEXT,created_at TIMESTAMPTZ NOT NULL);
CREATE TABLE IF NOT EXISTS inventory_reservations(id TEXT PRIMARY KEY,tenant_id TEXT NOT NULL,product_id TEXT NOT NULL REFERENCES products(id),warehouse_id TEXT NOT NULL,lot_id TEXT,source_type TEXT NOT NULL,source_id TEXT NOT NULL,quantity NUMERIC NOT NULL,consumed_quantity NUMERIC NOT NULL DEFAULT 0,state TEXT NOT NULL DEFAULT 'active',expires_at TIMESTAMPTZ,released_at TIMESTAMPTZ,consumed_at TIMESTAMPTZ,institution_id TEXT,unit_id TEXT,version INTEGER NOT NULL DEFAULT 1,created_at TIMESTAMPTZ NOT NULL,updated_at TIMESTAMPTZ NOT NULL,UNIQUE(tenant_id,source_type,source_id,product_id,warehouse_id,lot_id));
CREATE TABLE IF NOT EXISTS asset_locations(id TEXT PRIMARY KEY,tenant_id TEXT NOT NULL,code TEXT NOT NULL,name TEXT NOT NULL,parent_id TEXT REFERENCES asset_locations(id),state TEXT NOT NULL DEFAULT 'active',institution_id TEXT,unit_id TEXT,version INTEGER NOT NULL DEFAULT 1,created_at TIMESTAMPTZ NOT NULL,updated_at TIMESTAMPTZ NOT NULL,UNIQUE(tenant_id,code));
CREATE TABLE IF NOT EXISTS asset_movements(id TEXT PRIMARY KEY,tenant_id TEXT NOT NULL,asset_id TEXT NOT NULL REFERENCES assets(id),movement_type TEXT NOT NULL,from_location_id TEXT,to_location_id TEXT,from_responsible_person_id TEXT,to_responsible_person_id TEXT,reason TEXT NOT NULL,occurred_at TIMESTAMPTZ NOT NULL,occurred_by TEXT NOT NULL,created_at TIMESTAMPTZ NOT NULL);
CREATE TABLE IF NOT EXISTS asset_maintenances(id TEXT PRIMARY KEY,tenant_id TEXT NOT NULL,asset_id TEXT NOT NULL REFERENCES assets(id),maintenance_number TEXT NOT NULL,maintenance_type TEXT NOT NULL,scheduled_on DATE,supplier_id TEXT REFERENCES suppliers(id),estimated_cost NUMERIC NOT NULL DEFAULT 0,actual_cost NUMERIC,description TEXT NOT NULL,result_notes TEXT,state TEXT NOT NULL DEFAULT 'scheduled',started_at TIMESTAMPTZ,completed_at TIMESTAMPTZ,created_by TEXT NOT NULL,created_at TIMESTAMPTZ NOT NULL,updated_at TIMESTAMPTZ NOT NULL,UNIQUE(tenant_id,maintenance_number));
CREATE TABLE IF NOT EXISTS asset_loans(id TEXT PRIMARY KEY,tenant_id TEXT NOT NULL,asset_id TEXT NOT NULL REFERENCES assets(id),loan_number TEXT NOT NULL,borrower_person_id TEXT NOT NULL REFERENCES people(id),loaned_at TIMESTAMPTZ NOT NULL,expected_return_at TIMESTAMPTZ,returned_at TIMESTAMPTZ,condition_out TEXT,condition_in TEXT,state TEXT NOT NULL DEFAULT 'active',created_by TEXT NOT NULL,returned_by TEXT,created_at TIMESTAMPTZ NOT NULL,updated_at TIMESTAMPTZ NOT NULL,UNIQUE(tenant_id,loan_number));
CREATE TABLE IF NOT EXISTS asset_depreciations(id TEXT PRIMARY KEY,tenant_id TEXT NOT NULL,asset_id TEXT NOT NULL REFERENCES assets(id),competence TEXT NOT NULL,opening_book_value NUMERIC NOT NULL,depreciation_amount NUMERIC NOT NULL,accumulated_depreciation NUMERIC NOT NULL,closing_book_value NUMERIC NOT NULL,method TEXT NOT NULL DEFAULT 'linear',calculated_at TIMESTAMPTZ NOT NULL,calculated_by TEXT NOT NULL,created_at TIMESTAMPTZ NOT NULL,UNIQUE(tenant_id,asset_id,competence));
CREATE INDEX IF NOT EXISTS ix_service_prices_validity ON service_price_tables(tenant_id,service_id,variant_id,valid_from,valid_until,state);
CREATE INDEX IF NOT EXISTS ix_service_subscriptions_status ON service_subscriptions(tenant_id,state,next_competence_on);
CREATE INDEX IF NOT EXISTS ix_service_orders_status ON service_orders(tenant_id,state,created_at);
CREATE INDEX IF NOT EXISTS ix_requisitions_status ON purchase_requisitions(tenant_id,state,created_at);
CREATE INDEX IF NOT EXISTS ix_quotations_status ON requests_for_quotation(tenant_id,state,created_at);
CREATE INDEX IF NOT EXISTS ix_inventory_lots_expiry ON inventory_lots(tenant_id,warehouse_id,expires_on,state);
CREATE INDEX IF NOT EXISTS ix_inventory_reservations_product ON inventory_reservations(tenant_id,product_id,warehouse_id,state);
CREATE INDEX IF NOT EXISTS ix_asset_movements_asset ON asset_movements(tenant_id,asset_id,occurred_at);;

ALTER TABLE "service_catalogs" ENABLE ROW LEVEL SECURITY;

ALTER TABLE "service_catalogs" FORCE ROW LEVEL SECURITY;

DROP POLICY IF EXISTS service_catalogs_tenant_isolation ON "service_catalogs";

CREATE POLICY service_catalogs_tenant_isolation ON "service_catalogs" USING (tenant_id = current_setting('app.tenant_id', true)) WITH CHECK (tenant_id = current_setting('app.tenant_id', true));

ALTER TABLE "service_variants" ENABLE ROW LEVEL SECURITY;

ALTER TABLE "service_variants" FORCE ROW LEVEL SECURITY;

DROP POLICY IF EXISTS service_variants_tenant_isolation ON "service_variants";

CREATE POLICY service_variants_tenant_isolation ON "service_variants" USING (tenant_id = current_setting('app.tenant_id', true)) WITH CHECK (tenant_id = current_setting('app.tenant_id', true));

ALTER TABLE "service_fiscal_profiles" ENABLE ROW LEVEL SECURITY;

ALTER TABLE "service_fiscal_profiles" FORCE ROW LEVEL SECURITY;

DROP POLICY IF EXISTS service_fiscal_profiles_tenant_isolation ON "service_fiscal_profiles";

CREATE POLICY service_fiscal_profiles_tenant_isolation ON "service_fiscal_profiles" USING (tenant_id = current_setting('app.tenant_id', true)) WITH CHECK (tenant_id = current_setting('app.tenant_id', true));

ALTER TABLE "service_price_tables" ENABLE ROW LEVEL SECURITY;

ALTER TABLE "service_price_tables" FORCE ROW LEVEL SECURITY;

DROP POLICY IF EXISTS service_price_tables_tenant_isolation ON "service_price_tables";

CREATE POLICY service_price_tables_tenant_isolation ON "service_price_tables" USING (tenant_id = current_setting('app.tenant_id', true)) WITH CHECK (tenant_id = current_setting('app.tenant_id', true));

ALTER TABLE "service_billing_rules" ENABLE ROW LEVEL SECURITY;

ALTER TABLE "service_billing_rules" FORCE ROW LEVEL SECURITY;

DROP POLICY IF EXISTS service_billing_rules_tenant_isolation ON "service_billing_rules";

CREATE POLICY service_billing_rules_tenant_isolation ON "service_billing_rules" USING (tenant_id = current_setting('app.tenant_id', true)) WITH CHECK (tenant_id = current_setting('app.tenant_id', true));

ALTER TABLE "service_subscriptions" ENABLE ROW LEVEL SECURITY;

ALTER TABLE "service_subscriptions" FORCE ROW LEVEL SECURITY;

DROP POLICY IF EXISTS service_subscriptions_tenant_isolation ON "service_subscriptions";

CREATE POLICY service_subscriptions_tenant_isolation ON "service_subscriptions" USING (tenant_id = current_setting('app.tenant_id', true)) WITH CHECK (tenant_id = current_setting('app.tenant_id', true));

ALTER TABLE "service_executions" ENABLE ROW LEVEL SECURITY;

ALTER TABLE "service_executions" FORCE ROW LEVEL SECURITY;

DROP POLICY IF EXISTS service_executions_tenant_isolation ON "service_executions";

CREATE POLICY service_executions_tenant_isolation ON "service_executions" USING (tenant_id = current_setting('app.tenant_id', true)) WITH CHECK (tenant_id = current_setting('app.tenant_id', true));

ALTER TABLE "service_competencies" ENABLE ROW LEVEL SECURITY;

ALTER TABLE "service_competencies" FORCE ROW LEVEL SECURITY;

DROP POLICY IF EXISTS service_competencies_tenant_isolation ON "service_competencies";

CREATE POLICY service_competencies_tenant_isolation ON "service_competencies" USING (tenant_id = current_setting('app.tenant_id', true)) WITH CHECK (tenant_id = current_setting('app.tenant_id', true));

ALTER TABLE "service_fiscal_events" ENABLE ROW LEVEL SECURITY;

ALTER TABLE "service_fiscal_events" FORCE ROW LEVEL SECURITY;

DROP POLICY IF EXISTS service_fiscal_events_tenant_isolation ON "service_fiscal_events";

CREATE POLICY service_fiscal_events_tenant_isolation ON "service_fiscal_events" USING (tenant_id = current_setting('app.tenant_id', true)) WITH CHECK (tenant_id = current_setting('app.tenant_id', true));

ALTER TABLE "charges" ENABLE ROW LEVEL SECURITY;

ALTER TABLE "charges" FORCE ROW LEVEL SECURITY;

DROP POLICY IF EXISTS charges_tenant_isolation ON "charges";

CREATE POLICY charges_tenant_isolation ON "charges" USING (tenant_id = current_setting('app.tenant_id', true)) WITH CHECK (tenant_id = current_setting('app.tenant_id', true));

ALTER TABLE "charge_items" ENABLE ROW LEVEL SECURITY;

ALTER TABLE "charge_items" FORCE ROW LEVEL SECURITY;

DROP POLICY IF EXISTS charge_items_tenant_isolation ON "charge_items";

CREATE POLICY charge_items_tenant_isolation ON "charge_items" USING (tenant_id = current_setting('app.tenant_id', true)) WITH CHECK (tenant_id = current_setting('app.tenant_id', true));

ALTER TABLE "accounts_receivable" ENABLE ROW LEVEL SECURITY;

ALTER TABLE "accounts_receivable" FORCE ROW LEVEL SECURITY;

DROP POLICY IF EXISTS accounts_receivable_tenant_isolation ON "accounts_receivable";

CREATE POLICY accounts_receivable_tenant_isolation ON "accounts_receivable" USING (tenant_id = current_setting('app.tenant_id', true)) WITH CHECK (tenant_id = current_setting('app.tenant_id', true));

ALTER TABLE "product_variants" ENABLE ROW LEVEL SECURITY;

ALTER TABLE "product_variants" FORCE ROW LEVEL SECURITY;

DROP POLICY IF EXISTS product_variants_tenant_isolation ON "product_variants";

CREATE POLICY product_variants_tenant_isolation ON "product_variants" USING (tenant_id = current_setting('app.tenant_id', true)) WITH CHECK (tenant_id = current_setting('app.tenant_id', true));

ALTER TABLE "product_barcodes" ENABLE ROW LEVEL SECURITY;

ALTER TABLE "product_barcodes" FORCE ROW LEVEL SECURITY;

DROP POLICY IF EXISTS product_barcodes_tenant_isolation ON "product_barcodes";

CREATE POLICY product_barcodes_tenant_isolation ON "product_barcodes" USING (tenant_id = current_setting('app.tenant_id', true)) WITH CHECK (tenant_id = current_setting('app.tenant_id', true));

ALTER TABLE "supplier_contacts" ENABLE ROW LEVEL SECURITY;

ALTER TABLE "supplier_contacts" FORCE ROW LEVEL SECURITY;

DROP POLICY IF EXISTS supplier_contacts_tenant_isolation ON "supplier_contacts";

CREATE POLICY supplier_contacts_tenant_isolation ON "supplier_contacts" USING (tenant_id = current_setting('app.tenant_id', true)) WITH CHECK (tenant_id = current_setting('app.tenant_id', true));

ALTER TABLE "purchase_requisitions" ENABLE ROW LEVEL SECURITY;

ALTER TABLE "purchase_requisitions" FORCE ROW LEVEL SECURITY;

DROP POLICY IF EXISTS purchase_requisitions_tenant_isolation ON "purchase_requisitions";

CREATE POLICY purchase_requisitions_tenant_isolation ON "purchase_requisitions" USING (tenant_id = current_setting('app.tenant_id', true)) WITH CHECK (tenant_id = current_setting('app.tenant_id', true));

ALTER TABLE "purchase_requisition_items" ENABLE ROW LEVEL SECURITY;

ALTER TABLE "purchase_requisition_items" FORCE ROW LEVEL SECURITY;

DROP POLICY IF EXISTS purchase_requisition_items_tenant_isolation ON "purchase_requisition_items";

CREATE POLICY purchase_requisition_items_tenant_isolation ON "purchase_requisition_items" USING (tenant_id = current_setting('app.tenant_id', true)) WITH CHECK (tenant_id = current_setting('app.tenant_id', true));

ALTER TABLE "requests_for_quotation" ENABLE ROW LEVEL SECURITY;

ALTER TABLE "requests_for_quotation" FORCE ROW LEVEL SECURITY;

DROP POLICY IF EXISTS requests_for_quotation_tenant_isolation ON "requests_for_quotation";

CREATE POLICY requests_for_quotation_tenant_isolation ON "requests_for_quotation" USING (tenant_id = current_setting('app.tenant_id', true)) WITH CHECK (tenant_id = current_setting('app.tenant_id', true));

ALTER TABLE "quotation_items" ENABLE ROW LEVEL SECURITY;

ALTER TABLE "quotation_items" FORCE ROW LEVEL SECURITY;

DROP POLICY IF EXISTS quotation_items_tenant_isolation ON "quotation_items";

CREATE POLICY quotation_items_tenant_isolation ON "quotation_items" USING (tenant_id = current_setting('app.tenant_id', true)) WITH CHECK (tenant_id = current_setting('app.tenant_id', true));

ALTER TABLE "quotation_suppliers" ENABLE ROW LEVEL SECURITY;

ALTER TABLE "quotation_suppliers" FORCE ROW LEVEL SECURITY;

DROP POLICY IF EXISTS quotation_suppliers_tenant_isolation ON "quotation_suppliers";

CREATE POLICY quotation_suppliers_tenant_isolation ON "quotation_suppliers" USING (tenant_id = current_setting('app.tenant_id', true)) WITH CHECK (tenant_id = current_setting('app.tenant_id', true));

ALTER TABLE "quotation_supplier_items" ENABLE ROW LEVEL SECURITY;

ALTER TABLE "quotation_supplier_items" FORCE ROW LEVEL SECURITY;

DROP POLICY IF EXISTS quotation_supplier_items_tenant_isolation ON "quotation_supplier_items";

CREATE POLICY quotation_supplier_items_tenant_isolation ON "quotation_supplier_items" USING (tenant_id = current_setting('app.tenant_id', true)) WITH CHECK (tenant_id = current_setting('app.tenant_id', true));

ALTER TABLE "goods_receipts" ENABLE ROW LEVEL SECURITY;

ALTER TABLE "goods_receipts" FORCE ROW LEVEL SECURITY;

DROP POLICY IF EXISTS goods_receipts_tenant_isolation ON "goods_receipts";

CREATE POLICY goods_receipts_tenant_isolation ON "goods_receipts" USING (tenant_id = current_setting('app.tenant_id', true)) WITH CHECK (tenant_id = current_setting('app.tenant_id', true));

ALTER TABLE "goods_receipt_items" ENABLE ROW LEVEL SECURITY;

ALTER TABLE "goods_receipt_items" FORCE ROW LEVEL SECURITY;

DROP POLICY IF EXISTS goods_receipt_items_tenant_isolation ON "goods_receipt_items";

CREATE POLICY goods_receipt_items_tenant_isolation ON "goods_receipt_items" USING (tenant_id = current_setting('app.tenant_id', true)) WITH CHECK (tenant_id = current_setting('app.tenant_id', true));

ALTER TABLE "inventory_lots" ENABLE ROW LEVEL SECURITY;

ALTER TABLE "inventory_lots" FORCE ROW LEVEL SECURITY;

DROP POLICY IF EXISTS inventory_lots_tenant_isolation ON "inventory_lots";

CREATE POLICY inventory_lots_tenant_isolation ON "inventory_lots" USING (tenant_id = current_setting('app.tenant_id', true)) WITH CHECK (tenant_id = current_setting('app.tenant_id', true));

ALTER TABLE "purchase_returns" ENABLE ROW LEVEL SECURITY;

ALTER TABLE "purchase_returns" FORCE ROW LEVEL SECURITY;

DROP POLICY IF EXISTS purchase_returns_tenant_isolation ON "purchase_returns";

CREATE POLICY purchase_returns_tenant_isolation ON "purchase_returns" USING (tenant_id = current_setting('app.tenant_id', true)) WITH CHECK (tenant_id = current_setting('app.tenant_id', true));

ALTER TABLE "purchase_return_items" ENABLE ROW LEVEL SECURITY;

ALTER TABLE "purchase_return_items" FORCE ROW LEVEL SECURITY;

DROP POLICY IF EXISTS purchase_return_items_tenant_isolation ON "purchase_return_items";

CREATE POLICY purchase_return_items_tenant_isolation ON "purchase_return_items" USING (tenant_id = current_setting('app.tenant_id', true)) WITH CHECK (tenant_id = current_setting('app.tenant_id', true));

ALTER TABLE "inventory_reservations" ENABLE ROW LEVEL SECURITY;

ALTER TABLE "inventory_reservations" FORCE ROW LEVEL SECURITY;

DROP POLICY IF EXISTS inventory_reservations_tenant_isolation ON "inventory_reservations";

CREATE POLICY inventory_reservations_tenant_isolation ON "inventory_reservations" USING (tenant_id = current_setting('app.tenant_id', true)) WITH CHECK (tenant_id = current_setting('app.tenant_id', true));

ALTER TABLE "asset_locations" ENABLE ROW LEVEL SECURITY;

ALTER TABLE "asset_locations" FORCE ROW LEVEL SECURITY;

DROP POLICY IF EXISTS asset_locations_tenant_isolation ON "asset_locations";

CREATE POLICY asset_locations_tenant_isolation ON "asset_locations" USING (tenant_id = current_setting('app.tenant_id', true)) WITH CHECK (tenant_id = current_setting('app.tenant_id', true));

ALTER TABLE "asset_movements" ENABLE ROW LEVEL SECURITY;

ALTER TABLE "asset_movements" FORCE ROW LEVEL SECURITY;

DROP POLICY IF EXISTS asset_movements_tenant_isolation ON "asset_movements";

CREATE POLICY asset_movements_tenant_isolation ON "asset_movements" USING (tenant_id = current_setting('app.tenant_id', true)) WITH CHECK (tenant_id = current_setting('app.tenant_id', true));

ALTER TABLE "asset_maintenances" ENABLE ROW LEVEL SECURITY;

ALTER TABLE "asset_maintenances" FORCE ROW LEVEL SECURITY;

DROP POLICY IF EXISTS asset_maintenances_tenant_isolation ON "asset_maintenances";

CREATE POLICY asset_maintenances_tenant_isolation ON "asset_maintenances" USING (tenant_id = current_setting('app.tenant_id', true)) WITH CHECK (tenant_id = current_setting('app.tenant_id', true));

ALTER TABLE "asset_loans" ENABLE ROW LEVEL SECURITY;

ALTER TABLE "asset_loans" FORCE ROW LEVEL SECURITY;

DROP POLICY IF EXISTS asset_loans_tenant_isolation ON "asset_loans";

CREATE POLICY asset_loans_tenant_isolation ON "asset_loans" USING (tenant_id = current_setting('app.tenant_id', true)) WITH CHECK (tenant_id = current_setting('app.tenant_id', true));

ALTER TABLE "asset_depreciations" ENABLE ROW LEVEL SECURITY;

ALTER TABLE "asset_depreciations" FORCE ROW LEVEL SECURITY;

DROP POLICY IF EXISTS asset_depreciations_tenant_isolation ON "asset_depreciations";

CREATE POLICY asset_depreciations_tenant_isolation ON "asset_depreciations" USING (tenant_id = current_setting('app.tenant_id', true)) WITH CHECK (tenant_id = current_setting('app.tenant_id', true));

CREATE UNIQUE INDEX IF NOT EXISTS uq_service_orders_order_number ON service_orders(tenant_id,order_number) WHERE order_number IS NOT NULL;

CREATE UNIQUE INDEX IF NOT EXISTS uq_assets_tag ON assets(tenant_id,tag) WHERE tag IS NOT NULL;

CREATE UNIQUE INDEX IF NOT EXISTS uq_suppliers_code ON suppliers(tenant_id,code) WHERE code IS NOT NULL;

UPDATE alembic_version SET version_num='0030_services_procurement_assets_vertical' WHERE alembic_version.version_num = '0029_admissions_funnel';

COMMIT;


alembic_exit=0
